# MeerKAT S-band full: 1750--3500 MHz (idealized; full RF band, not instantaneously observable)
# Reference: Table 4, Hale et al. 2025, MNRAS 536, arXiv:2412.09314, https://arxiv.org/html/2412.09314v1
#            SKA Africa MeerKAT specs, https://skaafrica.atlassian.net/wiki/spaces/ESDKB/pages/277315585/MeerKAT+specifications
# Note: In practice only 875 MHz (one sub-band S0--S4) is observed at a time.
#       This file trains an idealized upper-bound model for the full RF coverage.
# Channel density: ~214 kHz/ch
1750106811.523438
1750320434.570312
1750534057.617188
1750747680.664062
1750961303.710938
1751174926.757812
1751388549.804688
1751602172.851562
1751815795.898438
1752029418.945312
1752243041.992188
1752456665.039062
1752670288.085938
1752883911.132812
1753097534.179688
1753311157.226562
1753524780.273438
1753738403.320312
1753952026.367188
1754165649.414062
1754379272.460938
1754592895.507812
1754806518.554688
1755020141.601562
1755233764.648438
1755447387.695312
1755661010.742188
1755874633.789062
1756088256.835938
1756301879.882812
1756515502.929688
1756729125.976562
1756942749.023438
1757156372.070312
1757369995.117188
1757583618.164062
1757797241.210938
1758010864.257812
1758224487.304688
1758438110.351562
1758651733.398438
1758865356.445312
1759078979.492188
1759292602.539062
1759506225.585938
1759719848.632812
1759933471.679688
1760147094.726562
1760360717.773438
1760574340.820312
1760787963.867188
1761001586.914062
1761215209.960938
1761428833.007812
1761642456.054688
1761856079.101562
1762069702.148438
1762283325.195312
1762496948.242188
1762710571.289062
1762924194.335938
1763137817.382812
1763351440.429688
1763565063.476562
1763778686.523438
1763992309.570312
1764205932.617188
1764419555.664062
1764633178.710938
1764846801.757812
1765060424.804688
1765274047.851562
1765487670.898438
1765701293.945312
1765914916.992188
1766128540.039062
1766342163.085938
1766555786.132812
1766769409.179688
1766983032.226562
1767196655.273438
1767410278.320312
1767623901.367188
1767837524.414062
1768051147.460938
1768264770.507812
1768478393.554688
1768692016.601562
1768905639.648438
1769119262.695312
1769332885.742188
1769546508.789062
1769760131.835938
1769973754.882812
1770187377.929688
1770401000.976562
1770614624.023438
1770828247.070312
1771041870.117188
1771255493.164062
1771469116.210938
1771682739.257812
1771896362.304688
1772109985.351562
1772323608.398438
1772537231.445312
1772750854.492188
1772964477.539062
1773178100.585938
1773391723.632812
1773605346.679688
1773818969.726562
1774032592.773438
1774246215.820312
1774459838.867188
1774673461.914062
1774887084.960938
1775100708.007812
1775314331.054688
1775527954.101562
1775741577.148438
1775955200.195312
1776168823.242188
1776382446.289062
1776596069.335938
1776809692.382812
1777023315.429688
1777236938.476562
1777450561.523438
1777664184.570312
1777877807.617188
1778091430.664062
1778305053.710938
1778518676.757812
1778732299.804688
1778945922.851562
1779159545.898438
1779373168.945312
1779586791.992188
1779800415.039062
1780014038.085938
1780227661.132812
1780441284.179688
1780654907.226562
1780868530.273438
1781082153.320312
1781295776.367188
1781509399.414062
1781723022.460938
1781936645.507812
1782150268.554688
1782363891.601562
1782577514.648438
1782791137.695312
1783004760.742188
1783218383.789062
1783432006.835938
1783645629.882812
1783859252.929688
1784072875.976562
1784286499.023438
1784500122.070312
1784713745.117188
1784927368.164062
1785140991.210938
1785354614.257812
1785568237.304688
1785781860.351562
1785995483.398438
1786209106.445312
1786422729.492188
1786636352.539062
1786849975.585938
1787063598.632812
1787277221.679688
1787490844.726562
1787704467.773438
1787918090.820312
1788131713.867188
1788345336.914062
1788558959.960938
1788772583.007812
1788986206.054688
1789199829.101562
1789413452.148438
1789627075.195312
1789840698.242188
1790054321.289062
1790267944.335938
1790481567.382812
1790695190.429688
1790908813.476562
1791122436.523438
1791336059.570312
1791549682.617188
1791763305.664062
1791976928.710938
1792190551.757812
1792404174.804688
1792617797.851562
1792831420.898438
1793045043.945312
1793258666.992188
1793472290.039062
1793685913.085938
1793899536.132812
1794113159.179688
1794326782.226562
1794540405.273438
1794754028.320312
1794967651.367188
1795181274.414062
1795394897.460938
1795608520.507812
1795822143.554688
1796035766.601562
1796249389.648438
1796463012.695312
1796676635.742188
1796890258.789062
1797103881.835938
1797317504.882812
1797531127.929688
1797744750.976562
1797958374.023438
1798171997.070312
1798385620.117188
1798599243.164062
1798812866.210938
1799026489.257812
1799240112.304688
1799453735.351562
1799667358.398438
1799880981.445312
1800094604.492188
1800308227.539062
1800521850.585938
1800735473.632812
1800949096.679688
1801162719.726562
1801376342.773438
1801589965.820312
1801803588.867188
1802017211.914062
1802230834.960938
1802444458.007812
1802658081.054688
1802871704.101562
1803085327.148438
1803298950.195312
1803512573.242188
1803726196.289062
1803939819.335938
1804153442.382812
1804367065.429688
1804580688.476562
1804794311.523438
1805007934.570312
1805221557.617188
1805435180.664062
1805648803.710938
1805862426.757812
1806076049.804688
1806289672.851562
1806503295.898438
1806716918.945312
1806930541.992188
1807144165.039062
1807357788.085938
1807571411.132812
1807785034.179688
1807998657.226562
1808212280.273438
1808425903.320312
1808639526.367188
1808853149.414062
1809066772.460938
1809280395.507812
1809494018.554688
1809707641.601562
1809921264.648438
1810134887.695312
1810348510.742188
1810562133.789062
1810775756.835938
1810989379.882812
1811203002.929688
1811416625.976562
1811630249.023438
1811843872.070312
1812057495.117188
1812271118.164062
1812484741.210938
1812698364.257812
1812911987.304688
1813125610.351562
1813339233.398438
1813552856.445312
1813766479.492188
1813980102.539062
1814193725.585938
1814407348.632812
1814620971.679688
1814834594.726562
1815048217.773438
1815261840.820312
1815475463.867188
1815689086.914062
1815902709.960938
1816116333.007812
1816329956.054688
1816543579.101562
1816757202.148438
1816970825.195312
1817184448.242188
1817398071.289062
1817611694.335938
1817825317.382812
1818038940.429688
1818252563.476562
1818466186.523438
1818679809.570312
1818893432.617188
1819107055.664062
1819320678.710938
1819534301.757812
1819747924.804688
1819961547.851562
1820175170.898438
1820388793.945312
1820602416.992188
1820816040.039062
1821029663.085938
1821243286.132812
1821456909.179688
1821670532.226562
1821884155.273438
1822097778.320312
1822311401.367188
1822525024.414062
1822738647.460938
1822952270.507812
1823165893.554688
1823379516.601562
1823593139.648438
1823806762.695312
1824020385.742188
1824234008.789062
1824447631.835938
1824661254.882812
1824874877.929688
1825088500.976562
1825302124.023438
1825515747.070312
1825729370.117188
1825942993.164062
1826156616.210938
1826370239.257812
1826583862.304688
1826797485.351562
1827011108.398438
1827224731.445312
1827438354.492188
1827651977.539062
1827865600.585938
1828079223.632812
1828292846.679688
1828506469.726562
1828720092.773438
1828933715.820312
1829147338.867188
1829360961.914062
1829574584.960938
1829788208.007812
1830001831.054688
1830215454.101562
1830429077.148438
1830642700.195312
1830856323.242188
1831069946.289062
1831283569.335938
1831497192.382812
1831710815.429688
1831924438.476562
1832138061.523438
1832351684.570312
1832565307.617188
1832778930.664062
1832992553.710938
1833206176.757812
1833419799.804688
1833633422.851562
1833847045.898438
1834060668.945312
1834274291.992188
1834487915.039062
1834701538.085938
1834915161.132812
1835128784.179688
1835342407.226562
1835556030.273438
1835769653.320312
1835983276.367188
1836196899.414062
1836410522.460938
1836624145.507812
1836837768.554688
1837051391.601562
1837265014.648438
1837478637.695312
1837692260.742188
1837905883.789062
1838119506.835938
1838333129.882812
1838546752.929688
1838760375.976562
1838973999.023438
1839187622.070312
1839401245.117188
1839614868.164062
1839828491.210938
1840042114.257812
1840255737.304688
1840469360.351562
1840682983.398438
1840896606.445312
1841110229.492188
1841323852.539062
1841537475.585938
1841751098.632812
1841964721.679688
1842178344.726562
1842391967.773438
1842605590.820312
1842819213.867188
1843032836.914062
1843246459.960938
1843460083.007812
1843673706.054688
1843887329.101562
1844100952.148438
1844314575.195312
1844528198.242188
1844741821.289062
1844955444.335938
1845169067.382812
1845382690.429688
1845596313.476562
1845809936.523438
1846023559.570312
1846237182.617188
1846450805.664062
1846664428.710938
1846878051.757812
1847091674.804688
1847305297.851562
1847518920.898438
1847732543.945312
1847946166.992188
1848159790.039062
1848373413.085938
1848587036.132812
1848800659.179688
1849014282.226562
1849227905.273438
1849441528.320312
1849655151.367188
1849868774.414062
1850082397.460938
1850296020.507812
1850509643.554688
1850723266.601562
1850936889.648438
1851150512.695312
1851364135.742188
1851577758.789062
1851791381.835938
1852005004.882812
1852218627.929688
1852432250.976562
1852645874.023438
1852859497.070312
1853073120.117188
1853286743.164062
1853500366.210938
1853713989.257812
1853927612.304688
1854141235.351562
1854354858.398438
1854568481.445312
1854782104.492188
1854995727.539062
1855209350.585938
1855422973.632812
1855636596.679688
1855850219.726562
1856063842.773438
1856277465.820312
1856491088.867188
1856704711.914062
1856918334.960938
1857131958.007812
1857345581.054688
1857559204.101562
1857772827.148438
1857986450.195312
1858200073.242188
1858413696.289062
1858627319.335938
1858840942.382812
1859054565.429688
1859268188.476562
1859481811.523438
1859695434.570312
1859909057.617188
1860122680.664062
1860336303.710938
1860549926.757812
1860763549.804688
1860977172.851562
1861190795.898438
1861404418.945312
1861618041.992188
1861831665.039062
1862045288.085938
1862258911.132812
1862472534.179688
1862686157.226562
1862899780.273438
1863113403.320312
1863327026.367188
1863540649.414062
1863754272.460938
1863967895.507812
1864181518.554688
1864395141.601562
1864608764.648438
1864822387.695312
1865036010.742188
1865249633.789062
1865463256.835938
1865676879.882812
1865890502.929688
1866104125.976562
1866317749.023438
1866531372.070312
1866744995.117188
1866958618.164062
1867172241.210938
1867385864.257812
1867599487.304688
1867813110.351562
1868026733.398438
1868240356.445312
1868453979.492188
1868667602.539062
1868881225.585938
1869094848.632812
1869308471.679688
1869522094.726562
1869735717.773438
1869949340.820312
1870162963.867188
1870376586.914062
1870590209.960938
1870803833.007812
1871017456.054688
1871231079.101562
1871444702.148438
1871658325.195312
1871871948.242188
1872085571.289062
1872299194.335938
1872512817.382812
1872726440.429688
1872940063.476562
1873153686.523438
1873367309.570312
1873580932.617188
1873794555.664062
1874008178.710938
1874221801.757812
1874435424.804688
1874649047.851562
1874862670.898438
1875076293.945312
1875289916.992188
1875503540.039062
1875717163.085938
1875930786.132812
1876144409.179688
1876358032.226562
1876571655.273438
1876785278.320312
1876998901.367188
1877212524.414062
1877426147.460938
1877639770.507812
1877853393.554688
1878067016.601562
1878280639.648438
1878494262.695312
1878707885.742188
1878921508.789062
1879135131.835938
1879348754.882812
1879562377.929688
1879776000.976562
1879989624.023438
1880203247.070312
1880416870.117188
1880630493.164062
1880844116.210938
1881057739.257812
1881271362.304688
1881484985.351562
1881698608.398438
1881912231.445312
1882125854.492188
1882339477.539062
1882553100.585938
1882766723.632812
1882980346.679688
1883193969.726562
1883407592.773438
1883621215.820312
1883834838.867188
1884048461.914062
1884262084.960938
1884475708.007812
1884689331.054688
1884902954.101562
1885116577.148438
1885330200.195312
1885543823.242188
1885757446.289062
1885971069.335938
1886184692.382812
1886398315.429688
1886611938.476562
1886825561.523438
1887039184.570312
1887252807.617188
1887466430.664062
1887680053.710938
1887893676.757812
1888107299.804688
1888320922.851562
1888534545.898438
1888748168.945312
1888961791.992188
1889175415.039062
1889389038.085938
1889602661.132812
1889816284.179688
1890029907.226562
1890243530.273438
1890457153.320312
1890670776.367188
1890884399.414062
1891098022.460938
1891311645.507812
1891525268.554688
1891738891.601562
1891952514.648438
1892166137.695312
1892379760.742188
1892593383.789062
1892807006.835938
1893020629.882812
1893234252.929688
1893447875.976562
1893661499.023438
1893875122.070312
1894088745.117188
1894302368.164062
1894515991.210938
1894729614.257812
1894943237.304688
1895156860.351562
1895370483.398438
1895584106.445312
1895797729.492188
1896011352.539062
1896224975.585938
1896438598.632812
1896652221.679688
1896865844.726562
1897079467.773438
1897293090.820312
1897506713.867188
1897720336.914062
1897933959.960938
1898147583.007812
1898361206.054688
1898574829.101562
1898788452.148438
1899002075.195312
1899215698.242188
1899429321.289062
1899642944.335938
1899856567.382812
1900070190.429688
1900283813.476562
1900497436.523438
1900711059.570312
1900924682.617188
1901138305.664062
1901351928.710938
1901565551.757812
1901779174.804688
1901992797.851562
1902206420.898438
1902420043.945312
1902633666.992188
1902847290.039062
1903060913.085938
1903274536.132812
1903488159.179688
1903701782.226562
1903915405.273438
1904129028.320312
1904342651.367188
1904556274.414062
1904769897.460938
1904983520.507812
1905197143.554688
1905410766.601562
1905624389.648438
1905838012.695312
1906051635.742188
1906265258.789062
1906478881.835938
1906692504.882812
1906906127.929688
1907119750.976562
1907333374.023438
1907546997.070312
1907760620.117188
1907974243.164062
1908187866.210938
1908401489.257812
1908615112.304688
1908828735.351562
1909042358.398438
1909255981.445312
1909469604.492188
1909683227.539062
1909896850.585938
1910110473.632812
1910324096.679688
1910537719.726562
1910751342.773438
1910964965.820312
1911178588.867188
1911392211.914062
1911605834.960938
1911819458.007812
1912033081.054688
1912246704.101562
1912460327.148438
1912673950.195312
1912887573.242188
1913101196.289062
1913314819.335938
1913528442.382812
1913742065.429688
1913955688.476562
1914169311.523438
1914382934.570312
1914596557.617188
1914810180.664062
1915023803.710938
1915237426.757812
1915451049.804688
1915664672.851562
1915878295.898438
1916091918.945312
1916305541.992188
1916519165.039062
1916732788.085938
1916946411.132812
1917160034.179688
1917373657.226562
1917587280.273438
1917800903.320312
1918014526.367188
1918228149.414062
1918441772.460938
1918655395.507812
1918869018.554688
1919082641.601562
1919296264.648438
1919509887.695312
1919723510.742188
1919937133.789062
1920150756.835938
1920364379.882812
1920578002.929688
1920791625.976562
1921005249.023438
1921218872.070312
1921432495.117188
1921646118.164062
1921859741.210938
1922073364.257812
1922286987.304688
1922500610.351562
1922714233.398438
1922927856.445312
1923141479.492188
1923355102.539062
1923568725.585938
1923782348.632812
1923995971.679688
1924209594.726562
1924423217.773438
1924636840.820312
1924850463.867188
1925064086.914062
1925277709.960938
1925491333.007812
1925704956.054688
1925918579.101562
1926132202.148438
1926345825.195312
1926559448.242188
1926773071.289062
1926986694.335938
1927200317.382812
1927413940.429688
1927627563.476562
1927841186.523438
1928054809.570312
1928268432.617188
1928482055.664062
1928695678.710938
1928909301.757812
1929122924.804688
1929336547.851562
1929550170.898438
1929763793.945312
1929977416.992188
1930191040.039062
1930404663.085938
1930618286.132812
1930831909.179688
1931045532.226562
1931259155.273438
1931472778.320312
1931686401.367188
1931900024.414062
1932113647.460938
1932327270.507812
1932540893.554688
1932754516.601562
1932968139.648438
1933181762.695312
1933395385.742188
1933609008.789062
1933822631.835938
1934036254.882812
1934249877.929688
1934463500.976562
1934677124.023438
1934890747.070312
1935104370.117188
1935317993.164062
1935531616.210938
1935745239.257812
1935958862.304688
1936172485.351562
1936386108.398438
1936599731.445312
1936813354.492188
1937026977.539062
1937240600.585938
1937454223.632812
1937667846.679688
1937881469.726562
1938095092.773438
1938308715.820312
1938522338.867188
1938735961.914062
1938949584.960938
1939163208.007812
1939376831.054688
1939590454.101562
1939804077.148438
1940017700.195312
1940231323.242188
1940444946.289062
1940658569.335938
1940872192.382812
1941085815.429688
1941299438.476562
1941513061.523438
1941726684.570312
1941940307.617188
1942153930.664062
1942367553.710938
1942581176.757812
1942794799.804688
1943008422.851562
1943222045.898438
1943435668.945312
1943649291.992188
1943862915.039062
1944076538.085938
1944290161.132812
1944503784.179688
1944717407.226562
1944931030.273438
1945144653.320312
1945358276.367188
1945571899.414062
1945785522.460938
1945999145.507812
1946212768.554688
1946426391.601562
1946640014.648438
1946853637.695312
1947067260.742188
1947280883.789062
1947494506.835938
1947708129.882812
1947921752.929688
1948135375.976562
1948348999.023438
1948562622.070312
1948776245.117188
1948989868.164062
1949203491.210938
1949417114.257812
1949630737.304688
1949844360.351562
1950057983.398438
1950271606.445312
1950485229.492188
1950698852.539062
1950912475.585938
1951126098.632812
1951339721.679688
1951553344.726562
1951766967.773438
1951980590.820312
1952194213.867188
1952407836.914062
1952621459.960938
1952835083.007812
1953048706.054688
1953262329.101562
1953475952.148438
1953689575.195312
1953903198.242188
1954116821.289062
1954330444.335938
1954544067.382812
1954757690.429688
1954971313.476562
1955184936.523438
1955398559.570312
1955612182.617188
1955825805.664062
1956039428.710938
1956253051.757812
1956466674.804688
1956680297.851562
1956893920.898438
1957107543.945312
1957321166.992188
1957534790.039062
1957748413.085938
1957962036.132812
1958175659.179688
1958389282.226562
1958602905.273438
1958816528.320312
1959030151.367188
1959243774.414062
1959457397.460938
1959671020.507812
1959884643.554688
1960098266.601562
1960311889.648438
1960525512.695312
1960739135.742188
1960952758.789062
1961166381.835938
1961380004.882812
1961593627.929688
1961807250.976562
1962020874.023438
1962234497.070312
1962448120.117188
1962661743.164062
1962875366.210938
1963088989.257812
1963302612.304688
1963516235.351562
1963729858.398438
1963943481.445312
1964157104.492188
1964370727.539062
1964584350.585938
1964797973.632812
1965011596.679688
1965225219.726562
1965438842.773438
1965652465.820312
1965866088.867188
1966079711.914062
1966293334.960938
1966506958.007812
1966720581.054688
1966934204.101562
1967147827.148438
1967361450.195312
1967575073.242188
1967788696.289062
1968002319.335938
1968215942.382812
1968429565.429688
1968643188.476562
1968856811.523438
1969070434.570312
1969284057.617188
1969497680.664062
1969711303.710938
1969924926.757812
1970138549.804688
1970352172.851562
1970565795.898438
1970779418.945312
1970993041.992188
1971206665.039062
1971420288.085938
1971633911.132812
1971847534.179688
1972061157.226562
1972274780.273438
1972488403.320312
1972702026.367188
1972915649.414062
1973129272.460938
1973342895.507812
1973556518.554688
1973770141.601562
1973983764.648438
1974197387.695312
1974411010.742188
1974624633.789062
1974838256.835938
1975051879.882812
1975265502.929688
1975479125.976562
1975692749.023438
1975906372.070312
1976119995.117188
1976333618.164062
1976547241.210938
1976760864.257812
1976974487.304688
1977188110.351562
1977401733.398438
1977615356.445312
1977828979.492188
1978042602.539062
1978256225.585938
1978469848.632812
1978683471.679688
1978897094.726562
1979110717.773438
1979324340.820312
1979537963.867188
1979751586.914062
1979965209.960938
1980178833.007812
1980392456.054688
1980606079.101562
1980819702.148438
1981033325.195312
1981246948.242188
1981460571.289062
1981674194.335938
1981887817.382812
1982101440.429688
1982315063.476562
1982528686.523438
1982742309.570312
1982955932.617188
1983169555.664062
1983383178.710938
1983596801.757812
1983810424.804688
1984024047.851562
1984237670.898438
1984451293.945312
1984664916.992188
1984878540.039062
1985092163.085938
1985305786.132812
1985519409.179688
1985733032.226562
1985946655.273438
1986160278.320312
1986373901.367188
1986587524.414062
1986801147.460938
1987014770.507812
1987228393.554688
1987442016.601562
1987655639.648438
1987869262.695312
1988082885.742188
1988296508.789062
1988510131.835938
1988723754.882812
1988937377.929688
1989151000.976562
1989364624.023438
1989578247.070312
1989791870.117188
1990005493.164062
1990219116.210938
1990432739.257812
1990646362.304688
1990859985.351562
1991073608.398438
1991287231.445312
1991500854.492188
1991714477.539062
1991928100.585938
1992141723.632812
1992355346.679688
1992568969.726562
1992782592.773438
1992996215.820312
1993209838.867188
1993423461.914062
1993637084.960938
1993850708.007812
1994064331.054688
1994277954.101562
1994491577.148438
1994705200.195312
1994918823.242188
1995132446.289062
1995346069.335938
1995559692.382812
1995773315.429688
1995986938.476562
1996200561.523438
1996414184.570312
1996627807.617188
1996841430.664062
1997055053.710938
1997268676.757812
1997482299.804688
1997695922.851562
1997909545.898438
1998123168.945312
1998336791.992188
1998550415.039062
1998764038.085938
1998977661.132812
1999191284.179688
1999404907.226562
1999618530.273438
1999832153.320312
2000045776.367188
2000259399.414062
2000473022.460938
2000686645.507812
2000900268.554688
2001113891.601562
2001327514.648438
2001541137.695312
2001754760.742188
2001968383.789062
2002182006.835938
2002395629.882812
2002609252.929688
2002822875.976562
2003036499.023438
2003250122.070312
2003463745.117188
2003677368.164062
2003890991.210938
2004104614.257812
2004318237.304688
2004531860.351562
2004745483.398438
2004959106.445312
2005172729.492188
2005386352.539062
2005599975.585938
2005813598.632812
2006027221.679688
2006240844.726562
2006454467.773438
2006668090.820312
2006881713.867188
2007095336.914062
2007308959.960938
2007522583.007812
2007736206.054688
2007949829.101562
2008163452.148438
2008377075.195312
2008590698.242188
2008804321.289062
2009017944.335938
2009231567.382812
2009445190.429688
2009658813.476562
2009872436.523438
2010086059.570312
2010299682.617188
2010513305.664062
2010726928.710938
2010940551.757812
2011154174.804688
2011367797.851562
2011581420.898438
2011795043.945312
2012008666.992188
2012222290.039062
2012435913.085938
2012649536.132812
2012863159.179688
2013076782.226562
2013290405.273438
2013504028.320312
2013717651.367188
2013931274.414062
2014144897.460938
2014358520.507812
2014572143.554688
2014785766.601562
2014999389.648438
2015213012.695312
2015426635.742188
2015640258.789062
2015853881.835938
2016067504.882812
2016281127.929688
2016494750.976562
2016708374.023438
2016921997.070312
2017135620.117188
2017349243.164062
2017562866.210938
2017776489.257812
2017990112.304688
2018203735.351562
2018417358.398438
2018630981.445312
2018844604.492188
2019058227.539062
2019271850.585938
2019485473.632812
2019699096.679688
2019912719.726562
2020126342.773438
2020339965.820312
2020553588.867188
2020767211.914062
2020980834.960938
2021194458.007812
2021408081.054688
2021621704.101562
2021835327.148438
2022048950.195312
2022262573.242188
2022476196.289062
2022689819.335938
2022903442.382812
2023117065.429688
2023330688.476562
2023544311.523438
2023757934.570312
2023971557.617188
2024185180.664062
2024398803.710938
2024612426.757812
2024826049.804688
2025039672.851562
2025253295.898438
2025466918.945312
2025680541.992188
2025894165.039062
2026107788.085938
2026321411.132812
2026535034.179688
2026748657.226562
2026962280.273438
2027175903.320312
2027389526.367188
2027603149.414062
2027816772.460938
2028030395.507812
2028244018.554688
2028457641.601562
2028671264.648438
2028884887.695312
2029098510.742188
2029312133.789062
2029525756.835938
2029739379.882812
2029953002.929688
2030166625.976562
2030380249.023438
2030593872.070312
2030807495.117188
2031021118.164062
2031234741.210938
2031448364.257812
2031661987.304688
2031875610.351562
2032089233.398438
2032302856.445312
2032516479.492188
2032730102.539062
2032943725.585938
2033157348.632812
2033370971.679688
2033584594.726562
2033798217.773438
2034011840.820312
2034225463.867188
2034439086.914062
2034652709.960938
2034866333.007812
2035079956.054688
2035293579.101562
2035507202.148438
2035720825.195312
2035934448.242188
2036148071.289062
2036361694.335938
2036575317.382812
2036788940.429688
2037002563.476562
2037216186.523438
2037429809.570312
2037643432.617188
2037857055.664062
2038070678.710938
2038284301.757812
2038497924.804688
2038711547.851562
2038925170.898438
2039138793.945312
2039352416.992188
2039566040.039062
2039779663.085938
2039993286.132812
2040206909.179688
2040420532.226562
2040634155.273438
2040847778.320312
2041061401.367188
2041275024.414062
2041488647.460938
2041702270.507812
2041915893.554688
2042129516.601562
2042343139.648438
2042556762.695312
2042770385.742188
2042984008.789062
2043197631.835938
2043411254.882812
2043624877.929688
2043838500.976562
2044052124.023438
2044265747.070312
2044479370.117188
2044692993.164062
2044906616.210938
2045120239.257812
2045333862.304688
2045547485.351562
2045761108.398438
2045974731.445312
2046188354.492188
2046401977.539062
2046615600.585938
2046829223.632812
2047042846.679688
2047256469.726562
2047470092.773438
2047683715.820312
2047897338.867188
2048110961.914062
2048324584.960938
2048538208.007812
2048751831.054688
2048965454.101562
2049179077.148438
2049392700.195312
2049606323.242188
2049819946.289062
2050033569.335938
2050247192.382812
2050460815.429688
2050674438.476562
2050888061.523438
2051101684.570312
2051315307.617188
2051528930.664062
2051742553.710938
2051956176.757812
2052169799.804688
2052383422.851562
2052597045.898438
2052810668.945312
2053024291.992188
2053237915.039062
2053451538.085938
2053665161.132812
2053878784.179688
2054092407.226562
2054306030.273438
2054519653.320312
2054733276.367188
2054946899.414062
2055160522.460938
2055374145.507812
2055587768.554688
2055801391.601562
2056015014.648438
2056228637.695312
2056442260.742188
2056655883.789062
2056869506.835938
2057083129.882812
2057296752.929688
2057510375.976562
2057723999.023438
2057937622.070312
2058151245.117188
2058364868.164062
2058578491.210938
2058792114.257812
2059005737.304688
2059219360.351562
2059432983.398438
2059646606.445312
2059860229.492188
2060073852.539062
2060287475.585938
2060501098.632812
2060714721.679688
2060928344.726562
2061141967.773438
2061355590.820312
2061569213.867188
2061782836.914062
2061996459.960938
2062210083.007812
2062423706.054688
2062637329.101562
2062850952.148438
2063064575.195312
2063278198.242188
2063491821.289062
2063705444.335938
2063919067.382812
2064132690.429688
2064346313.476562
2064559936.523438
2064773559.570312
2064987182.617188
2065200805.664062
2065414428.710938
2065628051.757812
2065841674.804688
2066055297.851562
2066268920.898438
2066482543.945312
2066696166.992188
2066909790.039062
2067123413.085938
2067337036.132812
2067550659.179688
2067764282.226562
2067977905.273438
2068191528.320312
2068405151.367188
2068618774.414062
2068832397.460938
2069046020.507812
2069259643.554688
2069473266.601562
2069686889.648438
2069900512.695312
2070114135.742188
2070327758.789062
2070541381.835938
2070755004.882812
2070968627.929688
2071182250.976562
2071395874.023438
2071609497.070312
2071823120.117188
2072036743.164062
2072250366.210938
2072463989.257812
2072677612.304688
2072891235.351562
2073104858.398438
2073318481.445312
2073532104.492188
2073745727.539062
2073959350.585938
2074172973.632812
2074386596.679688
2074600219.726562
2074813842.773438
2075027465.820312
2075241088.867188
2075454711.914062
2075668334.960938
2075881958.007812
2076095581.054688
2076309204.101562
2076522827.148438
2076736450.195312
2076950073.242188
2077163696.289062
2077377319.335938
2077590942.382812
2077804565.429688
2078018188.476562
2078231811.523438
2078445434.570312
2078659057.617188
2078872680.664062
2079086303.710938
2079299926.757812
2079513549.804688
2079727172.851562
2079940795.898438
2080154418.945312
2080368041.992188
2080581665.039062
2080795288.085938
2081008911.132812
2081222534.179688
2081436157.226562
2081649780.273438
2081863403.320312
2082077026.367188
2082290649.414062
2082504272.460938
2082717895.507812
2082931518.554688
2083145141.601562
2083358764.648438
2083572387.695312
2083786010.742188
2083999633.789062
2084213256.835938
2084426879.882812
2084640502.929688
2084854125.976562
2085067749.023438
2085281372.070312
2085494995.117188
2085708618.164062
2085922241.210938
2086135864.257812
2086349487.304688
2086563110.351562
2086776733.398438
2086990356.445312
2087203979.492188
2087417602.539062
2087631225.585938
2087844848.632812
2088058471.679688
2088272094.726562
2088485717.773438
2088699340.820312
2088912963.867188
2089126586.914062
2089340209.960938
2089553833.007812
2089767456.054688
2089981079.101562
2090194702.148438
2090408325.195312
2090621948.242188
2090835571.289062
2091049194.335938
2091262817.382812
2091476440.429688
2091690063.476562
2091903686.523438
2092117309.570312
2092330932.617188
2092544555.664062
2092758178.710938
2092971801.757812
2093185424.804688
2093399047.851562
2093612670.898438
2093826293.945312
2094039916.992188
2094253540.039062
2094467163.085938
2094680786.132812
2094894409.179688
2095108032.226562
2095321655.273438
2095535278.320312
2095748901.367188
2095962524.414062
2096176147.460938
2096389770.507812
2096603393.554688
2096817016.601562
2097030639.648438
2097244262.695312
2097457885.742188
2097671508.789062
2097885131.835938
2098098754.882812
2098312377.929688
2098526000.976562
2098739624.023438
2098953247.070312
2099166870.117188
2099380493.164062
2099594116.210938
2099807739.257812
2100021362.304688
2100234985.351562
2100448608.398438
2100662231.445312
2100875854.492188
2101089477.539062
2101303100.585938
2101516723.632812
2101730346.679688
2101943969.726562
2102157592.773438
2102371215.820312
2102584838.867188
2102798461.914062
2103012084.960938
2103225708.007812
2103439331.054688
2103652954.101562
2103866577.148438
2104080200.195312
2104293823.242188
2104507446.289062
2104721069.335938
2104934692.382812
2105148315.429688
2105361938.476562
2105575561.523438
2105789184.570312
2106002807.617188
2106216430.664062
2106430053.710938
2106643676.757812
2106857299.804688
2107070922.851562
2107284545.898438
2107498168.945312
2107711791.992188
2107925415.039062
2108139038.085938
2108352661.132812
2108566284.179688
2108779907.226562
2108993530.273438
2109207153.320312
2109420776.367188
2109634399.414062
2109848022.460938
2110061645.507812
2110275268.554688
2110488891.601562
2110702514.648438
2110916137.695312
2111129760.742188
2111343383.789062
2111557006.835938
2111770629.882812
2111984252.929688
2112197875.976562
2112411499.023438
2112625122.070312
2112838745.117188
2113052368.164062
2113265991.210938
2113479614.257812
2113693237.304688
2113906860.351562
2114120483.398438
2114334106.445312
2114547729.492188
2114761352.539062
2114974975.585938
2115188598.632812
2115402221.679688
2115615844.726562
2115829467.773438
2116043090.820312
2116256713.867188
2116470336.914062
2116683959.960938
2116897583.007812
2117111206.054688
2117324829.101562
2117538452.148438
2117752075.195312
2117965698.242188
2118179321.289062
2118392944.335938
2118606567.382812
2118820190.429688
2119033813.476562
2119247436.523438
2119461059.570312
2119674682.617188
2119888305.664062
2120101928.710938
2120315551.757812
2120529174.804688
2120742797.851562
2120956420.898438
2121170043.945312
2121383666.992188
2121597290.039062
2121810913.085938
2122024536.132812
2122238159.179688
2122451782.226562
2122665405.273438
2122879028.320312
2123092651.367188
2123306274.414062
2123519897.460938
2123733520.507812
2123947143.554688
2124160766.601562
2124374389.648438
2124588012.695312
2124801635.742188
2125015258.789062
2125228881.835938
2125442504.882812
2125656127.929688
2125869750.976562
2126083374.023438
2126296997.070312
2126510620.117188
2126724243.164062
2126937866.210938
2127151489.257812
2127365112.304688
2127578735.351562
2127792358.398438
2128005981.445312
2128219604.492188
2128433227.539062
2128646850.585938
2128860473.632812
2129074096.679688
2129287719.726562
2129501342.773438
2129714965.820312
2129928588.867188
2130142211.914062
2130355834.960938
2130569458.007812
2130783081.054688
2130996704.101562
2131210327.148438
2131423950.195312
2131637573.242188
2131851196.289062
2132064819.335938
2132278442.382812
2132492065.429688
2132705688.476562
2132919311.523438
2133132934.570312
2133346557.617188
2133560180.664062
2133773803.710938
2133987426.757812
2134201049.804688
2134414672.851562
2134628295.898438
2134841918.945312
2135055541.992188
2135269165.039062
2135482788.085938
2135696411.132812
2135910034.179688
2136123657.226562
2136337280.273438
2136550903.320312
2136764526.367188
2136978149.414062
2137191772.460938
2137405395.507812
2137619018.554688
2137832641.601562
2138046264.648438
2138259887.695312
2138473510.742188
2138687133.789062
2138900756.835938
2139114379.882812
2139328002.929688
2139541625.976562
2139755249.023438
2139968872.070312
2140182495.117188
2140396118.164062
2140609741.210938
2140823364.257812
2141036987.304688
2141250610.351562
2141464233.398438
2141677856.445312
2141891479.492188
2142105102.539062
2142318725.585938
2142532348.632812
2142745971.679688
2142959594.726562
2143173217.773438
2143386840.820312
2143600463.867188
2143814086.914062
2144027709.960938
2144241333.007812
2144454956.054688
2144668579.101562
2144882202.148438
2145095825.195312
2145309448.242188
2145523071.289062
2145736694.335938
2145950317.382812
2146163940.429688
2146377563.476562
2146591186.523438
2146804809.570312
2147018432.617188
2147232055.664062
2147445678.710938
2147659301.757812
2147872924.804688
2148086547.851562
2148300170.898438
2148513793.945312
2148727416.992188
2148941040.039062
2149154663.085938
2149368286.132812
2149581909.179688
2149795532.226562
2150009155.273438
2150222778.320312
2150436401.367188
2150650024.414062
2150863647.460938
2151077270.507812
2151290893.554688
2151504516.601562
2151718139.648438
2151931762.695312
2152145385.742188
2152359008.789062
2152572631.835938
2152786254.882812
2152999877.929688
2153213500.976562
2153427124.023438
2153640747.070312
2153854370.117188
2154067993.164062
2154281616.210938
2154495239.257812
2154708862.304688
2154922485.351562
2155136108.398438
2155349731.445312
2155563354.492188
2155776977.539062
2155990600.585938
2156204223.632812
2156417846.679688
2156631469.726562
2156845092.773438
2157058715.820312
2157272338.867188
2157485961.914062
2157699584.960938
2157913208.007812
2158126831.054688
2158340454.101562
2158554077.148438
2158767700.195312
2158981323.242188
2159194946.289062
2159408569.335938
2159622192.382812
2159835815.429688
2160049438.476562
2160263061.523438
2160476684.570312
2160690307.617188
2160903930.664062
2161117553.710938
2161331176.757812
2161544799.804688
2161758422.851562
2161972045.898438
2162185668.945312
2162399291.992188
2162612915.039062
2162826538.085938
2163040161.132812
2163253784.179688
2163467407.226562
2163681030.273438
2163894653.320312
2164108276.367188
2164321899.414062
2164535522.460938
2164749145.507812
2164962768.554688
2165176391.601562
2165390014.648438
2165603637.695312
2165817260.742188
2166030883.789062
2166244506.835938
2166458129.882812
2166671752.929688
2166885375.976562
2167098999.023438
2167312622.070312
2167526245.117188
2167739868.164062
2167953491.210938
2168167114.257812
2168380737.304688
2168594360.351562
2168807983.398438
2169021606.445312
2169235229.492188
2169448852.539062
2169662475.585938
2169876098.632812
2170089721.679688
2170303344.726562
2170516967.773438
2170730590.820312
2170944213.867188
2171157836.914062
2171371459.960938
2171585083.007812
2171798706.054688
2172012329.101562
2172225952.148438
2172439575.195312
2172653198.242188
2172866821.289062
2173080444.335938
2173294067.382812
2173507690.429688
2173721313.476562
2173934936.523438
2174148559.570312
2174362182.617188
2174575805.664062
2174789428.710938
2175003051.757812
2175216674.804688
2175430297.851562
2175643920.898438
2175857543.945312
2176071166.992188
2176284790.039062
2176498413.085938
2176712036.132812
2176925659.179688
2177139282.226562
2177352905.273438
2177566528.320312
2177780151.367188
2177993774.414062
2178207397.460938
2178421020.507812
2178634643.554688
2178848266.601562
2179061889.648438
2179275512.695312
2179489135.742188
2179702758.789062
2179916381.835938
2180130004.882812
2180343627.929688
2180557250.976562
2180770874.023438
2180984497.070312
2181198120.117188
2181411743.164062
2181625366.210938
2181838989.257812
2182052612.304688
2182266235.351562
2182479858.398438
2182693481.445312
2182907104.492188
2183120727.539062
2183334350.585938
2183547973.632812
2183761596.679688
2183975219.726562
2184188842.773438
2184402465.820312
2184616088.867188
2184829711.914062
2185043334.960938
2185256958.007812
2185470581.054688
2185684204.101562
2185897827.148438
2186111450.195312
2186325073.242188
2186538696.289062
2186752319.335938
2186965942.382812
2187179565.429688
2187393188.476562
2187606811.523438
2187820434.570312
2188034057.617188
2188247680.664062
2188461303.710938
2188674926.757812
2188888549.804688
2189102172.851562
2189315795.898438
2189529418.945312
2189743041.992188
2189956665.039062
2190170288.085938
2190383911.132812
2190597534.179688
2190811157.226562
2191024780.273438
2191238403.320312
2191452026.367188
2191665649.414062
2191879272.460938
2192092895.507812
2192306518.554688
2192520141.601562
2192733764.648438
2192947387.695312
2193161010.742188
2193374633.789062
2193588256.835938
2193801879.882812
2194015502.929688
2194229125.976562
2194442749.023438
2194656372.070312
2194869995.117188
2195083618.164062
2195297241.210938
2195510864.257812
2195724487.304688
2195938110.351562
2196151733.398438
2196365356.445312
2196578979.492188
2196792602.539062
2197006225.585938
2197219848.632812
2197433471.679688
2197647094.726562
2197860717.773438
2198074340.820312
2198287963.867188
2198501586.914062
2198715209.960938
2198928833.007812
2199142456.054688
2199356079.101562
2199569702.148438
2199783325.195312
2199996948.242188
2200210571.289062
2200424194.335938
2200637817.382812
2200851440.429688
2201065063.476562
2201278686.523438
2201492309.570312
2201705932.617188
2201919555.664062
2202133178.710938
2202346801.757812
2202560424.804688
2202774047.851562
2202987670.898438
2203201293.945312
2203414916.992188
2203628540.039062
2203842163.085938
2204055786.132812
2204269409.179688
2204483032.226562
2204696655.273438
2204910278.320312
2205123901.367188
2205337524.414062
2205551147.460938
2205764770.507812
2205978393.554688
2206192016.601562
2206405639.648438
2206619262.695312
2206832885.742188
2207046508.789062
2207260131.835938
2207473754.882812
2207687377.929688
2207901000.976562
2208114624.023438
2208328247.070312
2208541870.117188
2208755493.164062
2208969116.210938
2209182739.257812
2209396362.304688
2209609985.351562
2209823608.398438
2210037231.445312
2210250854.492188
2210464477.539062
2210678100.585938
2210891723.632812
2211105346.679688
2211318969.726562
2211532592.773438
2211746215.820312
2211959838.867188
2212173461.914062
2212387084.960938
2212600708.007812
2212814331.054688
2213027954.101562
2213241577.148438
2213455200.195312
2213668823.242188
2213882446.289062
2214096069.335938
2214309692.382812
2214523315.429688
2214736938.476562
2214950561.523438
2215164184.570312
2215377807.617188
2215591430.664062
2215805053.710938
2216018676.757812
2216232299.804688
2216445922.851562
2216659545.898438
2216873168.945312
2217086791.992188
2217300415.039062
2217514038.085938
2217727661.132812
2217941284.179688
2218154907.226562
2218368530.273438
2218582153.320312
2218795776.367188
2219009399.414062
2219223022.460938
2219436645.507812
2219650268.554688
2219863891.601562
2220077514.648438
2220291137.695312
2220504760.742188
2220718383.789062
2220932006.835938
2221145629.882812
2221359252.929688
2221572875.976562
2221786499.023438
2222000122.070312
2222213745.117188
2222427368.164062
2222640991.210938
2222854614.257812
2223068237.304688
2223281860.351562
2223495483.398438
2223709106.445312
2223922729.492188
2224136352.539062
2224349975.585938
2224563598.632812
2224777221.679688
2224990844.726562
2225204467.773438
2225418090.820312
2225631713.867188
2225845336.914062
2226058959.960938
2226272583.007812
2226486206.054688
2226699829.101562
2226913452.148438
2227127075.195312
2227340698.242188
2227554321.289062
2227767944.335938
2227981567.382812
2228195190.429688
2228408813.476562
2228622436.523438
2228836059.570312
2229049682.617188
2229263305.664062
2229476928.710938
2229690551.757812
2229904174.804688
2230117797.851562
2230331420.898438
2230545043.945312
2230758666.992188
2230972290.039062
2231185913.085938
2231399536.132812
2231613159.179688
2231826782.226562
2232040405.273438
2232254028.320312
2232467651.367188
2232681274.414062
2232894897.460938
2233108520.507812
2233322143.554688
2233535766.601562
2233749389.648438
2233963012.695312
2234176635.742188
2234390258.789062
2234603881.835938
2234817504.882812
2235031127.929688
2235244750.976562
2235458374.023438
2235671997.070312
2235885620.117188
2236099243.164062
2236312866.210938
2236526489.257812
2236740112.304688
2236953735.351562
2237167358.398438
2237380981.445312
2237594604.492188
2237808227.539062
2238021850.585938
2238235473.632812
2238449096.679688
2238662719.726562
2238876342.773438
2239089965.820312
2239303588.867188
2239517211.914062
2239730834.960938
2239944458.007812
2240158081.054688
2240371704.101562
2240585327.148438
2240798950.195312
2241012573.242188
2241226196.289062
2241439819.335938
2241653442.382812
2241867065.429688
2242080688.476562
2242294311.523438
2242507934.570312
2242721557.617188
2242935180.664062
2243148803.710938
2243362426.757812
2243576049.804688
2243789672.851562
2244003295.898438
2244216918.945312
2244430541.992188
2244644165.039062
2244857788.085938
2245071411.132812
2245285034.179688
2245498657.226562
2245712280.273438
2245925903.320312
2246139526.367188
2246353149.414062
2246566772.460938
2246780395.507812
2246994018.554688
2247207641.601562
2247421264.648438
2247634887.695312
2247848510.742188
2248062133.789062
2248275756.835938
2248489379.882812
2248703002.929688
2248916625.976562
2249130249.023438
2249343872.070312
2249557495.117188
2249771118.164062
2249984741.210938
2250198364.257812
2250411987.304688
2250625610.351562
2250839233.398438
2251052856.445312
2251266479.492188
2251480102.539062
2251693725.585938
2251907348.632812
2252120971.679688
2252334594.726562
2252548217.773438
2252761840.820312
2252975463.867188
2253189086.914062
2253402709.960938
2253616333.007812
2253829956.054688
2254043579.101562
2254257202.148438
2254470825.195312
2254684448.242188
2254898071.289062
2255111694.335938
2255325317.382812
2255538940.429688
2255752563.476562
2255966186.523438
2256179809.570312
2256393432.617188
2256607055.664062
2256820678.710938
2257034301.757812
2257247924.804688
2257461547.851562
2257675170.898438
2257888793.945312
2258102416.992188
2258316040.039062
2258529663.085938
2258743286.132812
2258956909.179688
2259170532.226562
2259384155.273438
2259597778.320312
2259811401.367188
2260025024.414062
2260238647.460938
2260452270.507812
2260665893.554688
2260879516.601562
2261093139.648438
2261306762.695312
2261520385.742188
2261734008.789062
2261947631.835938
2262161254.882812
2262374877.929688
2262588500.976562
2262802124.023438
2263015747.070312
2263229370.117188
2263442993.164062
2263656616.210938
2263870239.257812
2264083862.304688
2264297485.351562
2264511108.398438
2264724731.445312
2264938354.492188
2265151977.539062
2265365600.585938
2265579223.632812
2265792846.679688
2266006469.726562
2266220092.773438
2266433715.820312
2266647338.867188
2266860961.914062
2267074584.960938
2267288208.007812
2267501831.054688
2267715454.101562
2267929077.148438
2268142700.195312
2268356323.242188
2268569946.289062
2268783569.335938
2268997192.382812
2269210815.429688
2269424438.476562
2269638061.523438
2269851684.570312
2270065307.617188
2270278930.664062
2270492553.710938
2270706176.757812
2270919799.804688
2271133422.851562
2271347045.898438
2271560668.945312
2271774291.992188
2271987915.039062
2272201538.085938
2272415161.132812
2272628784.179688
2272842407.226562
2273056030.273438
2273269653.320312
2273483276.367188
2273696899.414062
2273910522.460938
2274124145.507812
2274337768.554688
2274551391.601562
2274765014.648438
2274978637.695312
2275192260.742188
2275405883.789062
2275619506.835938
2275833129.882812
2276046752.929688
2276260375.976562
2276473999.023438
2276687622.070312
2276901245.117188
2277114868.164062
2277328491.210938
2277542114.257812
2277755737.304688
2277969360.351562
2278182983.398438
2278396606.445312
2278610229.492188
2278823852.539062
2279037475.585938
2279251098.632812
2279464721.679688
2279678344.726562
2279891967.773438
2280105590.820312
2280319213.867188
2280532836.914062
2280746459.960938
2280960083.007812
2281173706.054688
2281387329.101562
2281600952.148438
2281814575.195312
2282028198.242188
2282241821.289062
2282455444.335938
2282669067.382812
2282882690.429688
2283096313.476562
2283309936.523438
2283523559.570312
2283737182.617188
2283950805.664062
2284164428.710938
2284378051.757812
2284591674.804688
2284805297.851562
2285018920.898438
2285232543.945312
2285446166.992188
2285659790.039062
2285873413.085938
2286087036.132812
2286300659.179688
2286514282.226562
2286727905.273438
2286941528.320312
2287155151.367188
2287368774.414062
2287582397.460938
2287796020.507812
2288009643.554688
2288223266.601562
2288436889.648438
2288650512.695312
2288864135.742188
2289077758.789062
2289291381.835938
2289505004.882812
2289718627.929688
2289932250.976562
2290145874.023438
2290359497.070312
2290573120.117188
2290786743.164062
2291000366.210938
2291213989.257812
2291427612.304688
2291641235.351562
2291854858.398438
2292068481.445312
2292282104.492188
2292495727.539062
2292709350.585938
2292922973.632812
2293136596.679688
2293350219.726562
2293563842.773438
2293777465.820312
2293991088.867188
2294204711.914062
2294418334.960938
2294631958.007812
2294845581.054688
2295059204.101562
2295272827.148438
2295486450.195312
2295700073.242188
2295913696.289062
2296127319.335938
2296340942.382812
2296554565.429688
2296768188.476562
2296981811.523438
2297195434.570312
2297409057.617188
2297622680.664062
2297836303.710938
2298049926.757812
2298263549.804688
2298477172.851562
2298690795.898438
2298904418.945312
2299118041.992188
2299331665.039062
2299545288.085938
2299758911.132812
2299972534.179688
2300186157.226562
2300399780.273438
2300613403.320312
2300827026.367188
2301040649.414062
2301254272.460938
2301467895.507812
2301681518.554688
2301895141.601562
2302108764.648438
2302322387.695312
2302536010.742188
2302749633.789062
2302963256.835938
2303176879.882812
2303390502.929688
2303604125.976562
2303817749.023438
2304031372.070312
2304244995.117188
2304458618.164062
2304672241.210938
2304885864.257812
2305099487.304688
2305313110.351562
2305526733.398438
2305740356.445312
2305953979.492188
2306167602.539062
2306381225.585938
2306594848.632812
2306808471.679688
2307022094.726562
2307235717.773438
2307449340.820312
2307662963.867188
2307876586.914062
2308090209.960938
2308303833.007812
2308517456.054688
2308731079.101562
2308944702.148438
2309158325.195312
2309371948.242188
2309585571.289062
2309799194.335938
2310012817.382812
2310226440.429688
2310440063.476562
2310653686.523438
2310867309.570312
2311080932.617188
2311294555.664062
2311508178.710938
2311721801.757812
2311935424.804688
2312149047.851562
2312362670.898438
2312576293.945312
2312789916.992188
2313003540.039062
2313217163.085938
2313430786.132812
2313644409.179688
2313858032.226562
2314071655.273438
2314285278.320312
2314498901.367188
2314712524.414062
2314926147.460938
2315139770.507812
2315353393.554688
2315567016.601562
2315780639.648438
2315994262.695312
2316207885.742188
2316421508.789062
2316635131.835938
2316848754.882812
2317062377.929688
2317276000.976562
2317489624.023438
2317703247.070312
2317916870.117188
2318130493.164062
2318344116.210938
2318557739.257812
2318771362.304688
2318984985.351562
2319198608.398438
2319412231.445312
2319625854.492188
2319839477.539062
2320053100.585938
2320266723.632812
2320480346.679688
2320693969.726562
2320907592.773438
2321121215.820312
2321334838.867188
2321548461.914062
2321762084.960938
2321975708.007812
2322189331.054688
2322402954.101562
2322616577.148438
2322830200.195312
2323043823.242188
2323257446.289062
2323471069.335938
2323684692.382812
2323898315.429688
2324111938.476562
2324325561.523438
2324539184.570312
2324752807.617188
2324966430.664062
2325180053.710938
2325393676.757812
2325607299.804688
2325820922.851562
2326034545.898438
2326248168.945312
2326461791.992188
2326675415.039062
2326889038.085938
2327102661.132812
2327316284.179688
2327529907.226562
2327743530.273438
2327957153.320312
2328170776.367188
2328384399.414062
2328598022.460938
2328811645.507812
2329025268.554688
2329238891.601562
2329452514.648438
2329666137.695312
2329879760.742188
2330093383.789062
2330307006.835938
2330520629.882812
2330734252.929688
2330947875.976562
2331161499.023438
2331375122.070312
2331588745.117188
2331802368.164062
2332015991.210938
2332229614.257812
2332443237.304688
2332656860.351562
2332870483.398438
2333084106.445312
2333297729.492188
2333511352.539062
2333724975.585938
2333938598.632812
2334152221.679688
2334365844.726562
2334579467.773438
2334793090.820312
2335006713.867188
2335220336.914062
2335433959.960938
2335647583.007812
2335861206.054688
2336074829.101562
2336288452.148438
2336502075.195312
2336715698.242188
2336929321.289062
2337142944.335938
2337356567.382812
2337570190.429688
2337783813.476562
2337997436.523438
2338211059.570312
2338424682.617188
2338638305.664062
2338851928.710938
2339065551.757812
2339279174.804688
2339492797.851562
2339706420.898438
2339920043.945312
2340133666.992188
2340347290.039062
2340560913.085938
2340774536.132812
2340988159.179688
2341201782.226562
2341415405.273438
2341629028.320312
2341842651.367188
2342056274.414062
2342269897.460938
2342483520.507812
2342697143.554688
2342910766.601562
2343124389.648438
2343338012.695312
2343551635.742188
2343765258.789062
2343978881.835938
2344192504.882812
2344406127.929688
2344619750.976562
2344833374.023438
2345046997.070312
2345260620.117188
2345474243.164062
2345687866.210938
2345901489.257812
2346115112.304688
2346328735.351562
2346542358.398438
2346755981.445312
2346969604.492188
2347183227.539062
2347396850.585938
2347610473.632812
2347824096.679688
2348037719.726562
2348251342.773438
2348464965.820312
2348678588.867188
2348892211.914062
2349105834.960938
2349319458.007812
2349533081.054688
2349746704.101562
2349960327.148438
2350173950.195312
2350387573.242188
2350601196.289062
2350814819.335938
2351028442.382812
2351242065.429688
2351455688.476562
2351669311.523438
2351882934.570312
2352096557.617188
2352310180.664062
2352523803.710938
2352737426.757812
2352951049.804688
2353164672.851562
2353378295.898438
2353591918.945312
2353805541.992188
2354019165.039062
2354232788.085938
2354446411.132812
2354660034.179688
2354873657.226562
2355087280.273438
2355300903.320312
2355514526.367188
2355728149.414062
2355941772.460938
2356155395.507812
2356369018.554688
2356582641.601562
2356796264.648438
2357009887.695312
2357223510.742188
2357437133.789062
2357650756.835938
2357864379.882812
2358078002.929688
2358291625.976562
2358505249.023438
2358718872.070312
2358932495.117188
2359146118.164062
2359359741.210938
2359573364.257812
2359786987.304688
2360000610.351562
2360214233.398438
2360427856.445312
2360641479.492188
2360855102.539062
2361068725.585938
2361282348.632812
2361495971.679688
2361709594.726562
2361923217.773438
2362136840.820312
2362350463.867188
2362564086.914062
2362777709.960938
2362991333.007812
2363204956.054688
2363418579.101562
2363632202.148438
2363845825.195312
2364059448.242188
2364273071.289062
2364486694.335938
2364700317.382812
2364913940.429688
2365127563.476562
2365341186.523438
2365554809.570312
2365768432.617188
2365982055.664062
2366195678.710938
2366409301.757812
2366622924.804688
2366836547.851562
2367050170.898438
2367263793.945312
2367477416.992188
2367691040.039062
2367904663.085938
2368118286.132812
2368331909.179688
2368545532.226562
2368759155.273438
2368972778.320312
2369186401.367188
2369400024.414062
2369613647.460938
2369827270.507812
2370040893.554688
2370254516.601562
2370468139.648438
2370681762.695312
2370895385.742188
2371109008.789062
2371322631.835938
2371536254.882812
2371749877.929688
2371963500.976562
2372177124.023438
2372390747.070312
2372604370.117188
2372817993.164062
2373031616.210938
2373245239.257812
2373458862.304688
2373672485.351562
2373886108.398438
2374099731.445312
2374313354.492188
2374526977.539062
2374740600.585938
2374954223.632812
2375167846.679688
2375381469.726562
2375595092.773438
2375808715.820312
2376022338.867188
2376235961.914062
2376449584.960938
2376663208.007812
2376876831.054688
2377090454.101562
2377304077.148438
2377517700.195312
2377731323.242188
2377944946.289062
2378158569.335938
2378372192.382812
2378585815.429688
2378799438.476562
2379013061.523438
2379226684.570312
2379440307.617188
2379653930.664062
2379867553.710938
2380081176.757812
2380294799.804688
2380508422.851562
2380722045.898438
2380935668.945312
2381149291.992188
2381362915.039062
2381576538.085938
2381790161.132812
2382003784.179688
2382217407.226562
2382431030.273438
2382644653.320312
2382858276.367188
2383071899.414062
2383285522.460938
2383499145.507812
2383712768.554688
2383926391.601562
2384140014.648438
2384353637.695312
2384567260.742188
2384780883.789062
2384994506.835938
2385208129.882812
2385421752.929688
2385635375.976562
2385848999.023438
2386062622.070312
2386276245.117188
2386489868.164062
2386703491.210938
2386917114.257812
2387130737.304688
2387344360.351562
2387557983.398438
2387771606.445312
2387985229.492188
2388198852.539062
2388412475.585938
2388626098.632812
2388839721.679688
2389053344.726562
2389266967.773438
2389480590.820312
2389694213.867188
2389907836.914062
2390121459.960938
2390335083.007812
2390548706.054688
2390762329.101562
2390975952.148438
2391189575.195312
2391403198.242188
2391616821.289062
2391830444.335938
2392044067.382812
2392257690.429688
2392471313.476562
2392684936.523438
2392898559.570312
2393112182.617188
2393325805.664062
2393539428.710938
2393753051.757812
2393966674.804688
2394180297.851562
2394393920.898438
2394607543.945312
2394821166.992188
2395034790.039062
2395248413.085938
2395462036.132812
2395675659.179688
2395889282.226562
2396102905.273438
2396316528.320312
2396530151.367188
2396743774.414062
2396957397.460938
2397171020.507812
2397384643.554688
2397598266.601562
2397811889.648438
2398025512.695312
2398239135.742188
2398452758.789062
2398666381.835938
2398880004.882812
2399093627.929688
2399307250.976562
2399520874.023438
2399734497.070312
2399948120.117188
2400161743.164062
2400375366.210938
2400588989.257812
2400802612.304688
2401016235.351562
2401229858.398438
2401443481.445312
2401657104.492188
2401870727.539062
2402084350.585938
2402297973.632812
2402511596.679688
2402725219.726562
2402938842.773438
2403152465.820312
2403366088.867188
2403579711.914062
2403793334.960938
2404006958.007812
2404220581.054688
2404434204.101562
2404647827.148438
2404861450.195312
2405075073.242188
2405288696.289062
2405502319.335938
2405715942.382812
2405929565.429688
2406143188.476562
2406356811.523438
2406570434.570312
2406784057.617188
2406997680.664062
2407211303.710938
2407424926.757812
2407638549.804688
2407852172.851562
2408065795.898438
2408279418.945312
2408493041.992188
2408706665.039062
2408920288.085938
2409133911.132812
2409347534.179688
2409561157.226562
2409774780.273438
2409988403.320312
2410202026.367188
2410415649.414062
2410629272.460938
2410842895.507812
2411056518.554688
2411270141.601562
2411483764.648438
2411697387.695312
2411911010.742188
2412124633.789062
2412338256.835938
2412551879.882812
2412765502.929688
2412979125.976562
2413192749.023438
2413406372.070312
2413619995.117188
2413833618.164062
2414047241.210938
2414260864.257812
2414474487.304688
2414688110.351562
2414901733.398438
2415115356.445312
2415328979.492188
2415542602.539062
2415756225.585938
2415969848.632812
2416183471.679688
2416397094.726562
2416610717.773438
2416824340.820312
2417037963.867188
2417251586.914062
2417465209.960938
2417678833.007812
2417892456.054688
2418106079.101562
2418319702.148438
2418533325.195312
2418746948.242188
2418960571.289062
2419174194.335938
2419387817.382812
2419601440.429688
2419815063.476562
2420028686.523438
2420242309.570312
2420455932.617188
2420669555.664062
2420883178.710938
2421096801.757812
2421310424.804688
2421524047.851562
2421737670.898438
2421951293.945312
2422164916.992188
2422378540.039062
2422592163.085938
2422805786.132812
2423019409.179688
2423233032.226562
2423446655.273438
2423660278.320312
2423873901.367188
2424087524.414062
2424301147.460938
2424514770.507812
2424728393.554688
2424942016.601562
2425155639.648438
2425369262.695312
2425582885.742188
2425796508.789062
2426010131.835938
2426223754.882812
2426437377.929688
2426651000.976562
2426864624.023438
2427078247.070312
2427291870.117188
2427505493.164062
2427719116.210938
2427932739.257812
2428146362.304688
2428359985.351562
2428573608.398438
2428787231.445312
2429000854.492188
2429214477.539062
2429428100.585938
2429641723.632812
2429855346.679688
2430068969.726562
2430282592.773438
2430496215.820312
2430709838.867188
2430923461.914062
2431137084.960938
2431350708.007812
2431564331.054688
2431777954.101562
2431991577.148438
2432205200.195312
2432418823.242188
2432632446.289062
2432846069.335938
2433059692.382812
2433273315.429688
2433486938.476562
2433700561.523438
2433914184.570312
2434127807.617188
2434341430.664062
2434555053.710938
2434768676.757812
2434982299.804688
2435195922.851562
2435409545.898438
2435623168.945312
2435836791.992188
2436050415.039062
2436264038.085938
2436477661.132812
2436691284.179688
2436904907.226562
2437118530.273438
2437332153.320312
2437545776.367188
2437759399.414062
2437973022.460938
2438186645.507812
2438400268.554688
2438613891.601562
2438827514.648438
2439041137.695312
2439254760.742188
2439468383.789062
2439682006.835938
2439895629.882812
2440109252.929688
2440322875.976562
2440536499.023438
2440750122.070312
2440963745.117188
2441177368.164062
2441390991.210938
2441604614.257812
2441818237.304688
2442031860.351562
2442245483.398438
2442459106.445312
2442672729.492188
2442886352.539062
2443099975.585938
2443313598.632812
2443527221.679688
2443740844.726562
2443954467.773438
2444168090.820312
2444381713.867188
2444595336.914062
2444808959.960938
2445022583.007812
2445236206.054688
2445449829.101562
2445663452.148438
2445877075.195312
2446090698.242188
2446304321.289062
2446517944.335938
2446731567.382812
2446945190.429688
2447158813.476562
2447372436.523438
2447586059.570312
2447799682.617188
2448013305.664062
2448226928.710938
2448440551.757812
2448654174.804688
2448867797.851562
2449081420.898438
2449295043.945312
2449508666.992188
2449722290.039062
2449935913.085938
2450149536.132812
2450363159.179688
2450576782.226562
2450790405.273438
2451004028.320312
2451217651.367188
2451431274.414062
2451644897.460938
2451858520.507812
2452072143.554688
2452285766.601562
2452499389.648438
2452713012.695312
2452926635.742188
2453140258.789062
2453353881.835938
2453567504.882812
2453781127.929688
2453994750.976562
2454208374.023438
2454421997.070312
2454635620.117188
2454849243.164062
2455062866.210938
2455276489.257812
2455490112.304688
2455703735.351562
2455917358.398438
2456130981.445312
2456344604.492188
2456558227.539062
2456771850.585938
2456985473.632812
2457199096.679688
2457412719.726562
2457626342.773438
2457839965.820312
2458053588.867188
2458267211.914062
2458480834.960938
2458694458.007812
2458908081.054688
2459121704.101562
2459335327.148438
2459548950.195312
2459762573.242188
2459976196.289062
2460189819.335938
2460403442.382812
2460617065.429688
2460830688.476562
2461044311.523438
2461257934.570312
2461471557.617188
2461685180.664062
2461898803.710938
2462112426.757812
2462326049.804688
2462539672.851562
2462753295.898438
2462966918.945312
2463180541.992188
2463394165.039062
2463607788.085938
2463821411.132812
2464035034.179688
2464248657.226562
2464462280.273438
2464675903.320312
2464889526.367188
2465103149.414062
2465316772.460938
2465530395.507812
2465744018.554688
2465957641.601562
2466171264.648438
2466384887.695312
2466598510.742188
2466812133.789062
2467025756.835938
2467239379.882812
2467453002.929688
2467666625.976562
2467880249.023438
2468093872.070312
2468307495.117188
2468521118.164062
2468734741.210938
2468948364.257812
2469161987.304688
2469375610.351562
2469589233.398438
2469802856.445312
2470016479.492188
2470230102.539062
2470443725.585938
2470657348.632812
2470870971.679688
2471084594.726562
2471298217.773438
2471511840.820312
2471725463.867188
2471939086.914062
2472152709.960938
2472366333.007812
2472579956.054688
2472793579.101562
2473007202.148438
2473220825.195312
2473434448.242188
2473648071.289062
2473861694.335938
2474075317.382812
2474288940.429688
2474502563.476562
2474716186.523438
2474929809.570312
2475143432.617188
2475357055.664062
2475570678.710938
2475784301.757812
2475997924.804688
2476211547.851562
2476425170.898438
2476638793.945312
2476852416.992188
2477066040.039062
2477279663.085938
2477493286.132812
2477706909.179688
2477920532.226562
2478134155.273438
2478347778.320312
2478561401.367188
2478775024.414062
2478988647.460938
2479202270.507812
2479415893.554688
2479629516.601562
2479843139.648438
2480056762.695312
2480270385.742188
2480484008.789062
2480697631.835938
2480911254.882812
2481124877.929688
2481338500.976562
2481552124.023438
2481765747.070312
2481979370.117188
2482192993.164062
2482406616.210938
2482620239.257812
2482833862.304688
2483047485.351562
2483261108.398438
2483474731.445312
2483688354.492188
2483901977.539062
2484115600.585938
2484329223.632812
2484542846.679688
2484756469.726562
2484970092.773438
2485183715.820312
2485397338.867188
2485610961.914062
2485824584.960938
2486038208.007812
2486251831.054688
2486465454.101562
2486679077.148438
2486892700.195312
2487106323.242188
2487319946.289062
2487533569.335938
2487747192.382812
2487960815.429688
2488174438.476562
2488388061.523438
2488601684.570312
2488815307.617188
2489028930.664062
2489242553.710938
2489456176.757812
2489669799.804688
2489883422.851562
2490097045.898438
2490310668.945312
2490524291.992188
2490737915.039062
2490951538.085938
2491165161.132812
2491378784.179688
2491592407.226562
2491806030.273438
2492019653.320312
2492233276.367188
2492446899.414062
2492660522.460938
2492874145.507812
2493087768.554688
2493301391.601562
2493515014.648438
2493728637.695312
2493942260.742188
2494155883.789062
2494369506.835938
2494583129.882812
2494796752.929688
2495010375.976562
2495223999.023438
2495437622.070312
2495651245.117188
2495864868.164062
2496078491.210938
2496292114.257812
2496505737.304688
2496719360.351562
2496932983.398438
2497146606.445312
2497360229.492188
2497573852.539062
2497787475.585938
2498001098.632812
2498214721.679688
2498428344.726562
2498641967.773438
2498855590.820312
2499069213.867188
2499282836.914062
2499496459.960938
2499710083.007812
2499923706.054688
2500137329.101562
2500350952.148438
2500564575.195312
2500778198.242188
2500991821.289062
2501205444.335938
2501419067.382812
2501632690.429688
2501846313.476562
2502059936.523438
2502273559.570312
2502487182.617188
2502700805.664062
2502914428.710938
2503128051.757812
2503341674.804688
2503555297.851562
2503768920.898438
2503982543.945312
2504196166.992188
2504409790.039062
2504623413.085938
2504837036.132812
2505050659.179688
2505264282.226562
2505477905.273438
2505691528.320312
2505905151.367188
2506118774.414062
2506332397.460938
2506546020.507812
2506759643.554688
2506973266.601562
2507186889.648438
2507400512.695312
2507614135.742188
2507827758.789062
2508041381.835938
2508255004.882812
2508468627.929688
2508682250.976562
2508895874.023438
2509109497.070312
2509323120.117188
2509536743.164062
2509750366.210938
2509963989.257812
2510177612.304688
2510391235.351562
2510604858.398438
2510818481.445312
2511032104.492188
2511245727.539062
2511459350.585938
2511672973.632812
2511886596.679688
2512100219.726562
2512313842.773438
2512527465.820312
2512741088.867188
2512954711.914062
2513168334.960938
2513381958.007812
2513595581.054688
2513809204.101562
2514022827.148438
2514236450.195312
2514450073.242188
2514663696.289062
2514877319.335938
2515090942.382812
2515304565.429688
2515518188.476562
2515731811.523438
2515945434.570312
2516159057.617188
2516372680.664062
2516586303.710938
2516799926.757812
2517013549.804688
2517227172.851562
2517440795.898438
2517654418.945312
2517868041.992188
2518081665.039062
2518295288.085938
2518508911.132812
2518722534.179688
2518936157.226562
2519149780.273438
2519363403.320312
2519577026.367188
2519790649.414062
2520004272.460938
2520217895.507812
2520431518.554688
2520645141.601562
2520858764.648438
2521072387.695312
2521286010.742188
2521499633.789062
2521713256.835938
2521926879.882812
2522140502.929688
2522354125.976562
2522567749.023438
2522781372.070312
2522994995.117188
2523208618.164062
2523422241.210938
2523635864.257812
2523849487.304688
2524063110.351562
2524276733.398438
2524490356.445312
2524703979.492188
2524917602.539062
2525131225.585938
2525344848.632812
2525558471.679688
2525772094.726562
2525985717.773438
2526199340.820312
2526412963.867188
2526626586.914062
2526840209.960938
2527053833.007812
2527267456.054688
2527481079.101562
2527694702.148438
2527908325.195312
2528121948.242188
2528335571.289062
2528549194.335938
2528762817.382812
2528976440.429688
2529190063.476562
2529403686.523438
2529617309.570312
2529830932.617188
2530044555.664062
2530258178.710938
2530471801.757812
2530685424.804688
2530899047.851562
2531112670.898438
2531326293.945312
2531539916.992188
2531753540.039062
2531967163.085938
2532180786.132812
2532394409.179688
2532608032.226562
2532821655.273438
2533035278.320312
2533248901.367188
2533462524.414062
2533676147.460938
2533889770.507812
2534103393.554688
2534317016.601562
2534530639.648438
2534744262.695312
2534957885.742188
2535171508.789062
2535385131.835938
2535598754.882812
2535812377.929688
2536026000.976562
2536239624.023438
2536453247.070312
2536666870.117188
2536880493.164062
2537094116.210938
2537307739.257812
2537521362.304688
2537734985.351562
2537948608.398438
2538162231.445312
2538375854.492188
2538589477.539062
2538803100.585938
2539016723.632812
2539230346.679688
2539443969.726562
2539657592.773438
2539871215.820312
2540084838.867188
2540298461.914062
2540512084.960938
2540725708.007812
2540939331.054688
2541152954.101562
2541366577.148438
2541580200.195312
2541793823.242188
2542007446.289062
2542221069.335938
2542434692.382812
2542648315.429688
2542861938.476562
2543075561.523438
2543289184.570312
2543502807.617188
2543716430.664062
2543930053.710938
2544143676.757812
2544357299.804688
2544570922.851562
2544784545.898438
2544998168.945312
2545211791.992188
2545425415.039062
2545639038.085938
2545852661.132812
2546066284.179688
2546279907.226562
2546493530.273438
2546707153.320312
2546920776.367188
2547134399.414062
2547348022.460938
2547561645.507812
2547775268.554688
2547988891.601562
2548202514.648438
2548416137.695312
2548629760.742188
2548843383.789062
2549057006.835938
2549270629.882812
2549484252.929688
2549697875.976562
2549911499.023438
2550125122.070312
2550338745.117188
2550552368.164062
2550765991.210938
2550979614.257812
2551193237.304688
2551406860.351562
2551620483.398438
2551834106.445312
2552047729.492188
2552261352.539062
2552474975.585938
2552688598.632812
2552902221.679688
2553115844.726562
2553329467.773438
2553543090.820312
2553756713.867188
2553970336.914062
2554183959.960938
2554397583.007812
2554611206.054688
2554824829.101562
2555038452.148438
2555252075.195312
2555465698.242188
2555679321.289062
2555892944.335938
2556106567.382812
2556320190.429688
2556533813.476562
2556747436.523438
2556961059.570312
2557174682.617188
2557388305.664062
2557601928.710938
2557815551.757812
2558029174.804688
2558242797.851562
2558456420.898438
2558670043.945312
2558883666.992188
2559097290.039062
2559310913.085938
2559524536.132812
2559738159.179688
2559951782.226562
2560165405.273438
2560379028.320312
2560592651.367188
2560806274.414062
2561019897.460938
2561233520.507812
2561447143.554688
2561660766.601562
2561874389.648438
2562088012.695312
2562301635.742188
2562515258.789062
2562728881.835938
2562942504.882812
2563156127.929688
2563369750.976562
2563583374.023438
2563796997.070312
2564010620.117188
2564224243.164062
2564437866.210938
2564651489.257812
2564865112.304688
2565078735.351562
2565292358.398438
2565505981.445312
2565719604.492188
2565933227.539062
2566146850.585938
2566360473.632812
2566574096.679688
2566787719.726562
2567001342.773438
2567214965.820312
2567428588.867188
2567642211.914062
2567855834.960938
2568069458.007812
2568283081.054688
2568496704.101562
2568710327.148438
2568923950.195312
2569137573.242188
2569351196.289062
2569564819.335938
2569778442.382812
2569992065.429688
2570205688.476562
2570419311.523438
2570632934.570312
2570846557.617188
2571060180.664062
2571273803.710938
2571487426.757812
2571701049.804688
2571914672.851562
2572128295.898438
2572341918.945312
2572555541.992188
2572769165.039062
2572982788.085938
2573196411.132812
2573410034.179688
2573623657.226562
2573837280.273438
2574050903.320312
2574264526.367188
2574478149.414062
2574691772.460938
2574905395.507812
2575119018.554688
2575332641.601562
2575546264.648438
2575759887.695312
2575973510.742188
2576187133.789062
2576400756.835938
2576614379.882812
2576828002.929688
2577041625.976562
2577255249.023438
2577468872.070312
2577682495.117188
2577896118.164062
2578109741.210938
2578323364.257812
2578536987.304688
2578750610.351562
2578964233.398438
2579177856.445312
2579391479.492188
2579605102.539062
2579818725.585938
2580032348.632812
2580245971.679688
2580459594.726562
2580673217.773438
2580886840.820312
2581100463.867188
2581314086.914062
2581527709.960938
2581741333.007812
2581954956.054688
2582168579.101562
2582382202.148438
2582595825.195312
2582809448.242188
2583023071.289062
2583236694.335938
2583450317.382812
2583663940.429688
2583877563.476562
2584091186.523438
2584304809.570312
2584518432.617188
2584732055.664062
2584945678.710938
2585159301.757812
2585372924.804688
2585586547.851562
2585800170.898438
2586013793.945312
2586227416.992188
2586441040.039062
2586654663.085938
2586868286.132812
2587081909.179688
2587295532.226562
2587509155.273438
2587722778.320312
2587936401.367188
2588150024.414062
2588363647.460938
2588577270.507812
2588790893.554688
2589004516.601562
2589218139.648438
2589431762.695312
2589645385.742188
2589859008.789062
2590072631.835938
2590286254.882812
2590499877.929688
2590713500.976562
2590927124.023438
2591140747.070312
2591354370.117188
2591567993.164062
2591781616.210938
2591995239.257812
2592208862.304688
2592422485.351562
2592636108.398438
2592849731.445312
2593063354.492188
2593276977.539062
2593490600.585938
2593704223.632812
2593917846.679688
2594131469.726562
2594345092.773438
2594558715.820312
2594772338.867188
2594985961.914062
2595199584.960938
2595413208.007812
2595626831.054688
2595840454.101562
2596054077.148438
2596267700.195312
2596481323.242188
2596694946.289062
2596908569.335938
2597122192.382812
2597335815.429688
2597549438.476562
2597763061.523438
2597976684.570312
2598190307.617188
2598403930.664062
2598617553.710938
2598831176.757812
2599044799.804688
2599258422.851562
2599472045.898438
2599685668.945312
2599899291.992188
2600112915.039062
2600326538.085938
2600540161.132812
2600753784.179688
2600967407.226562
2601181030.273438
2601394653.320312
2601608276.367188
2601821899.414062
2602035522.460938
2602249145.507812
2602462768.554688
2602676391.601562
2602890014.648438
2603103637.695312
2603317260.742188
2603530883.789062
2603744506.835938
2603958129.882812
2604171752.929688
2604385375.976562
2604598999.023438
2604812622.070312
2605026245.117188
2605239868.164062
2605453491.210938
2605667114.257812
2605880737.304688
2606094360.351562
2606307983.398438
2606521606.445312
2606735229.492188
2606948852.539062
2607162475.585938
2607376098.632812
2607589721.679688
2607803344.726562
2608016967.773438
2608230590.820312
2608444213.867188
2608657836.914062
2608871459.960938
2609085083.007812
2609298706.054688
2609512329.101562
2609725952.148438
2609939575.195312
2610153198.242188
2610366821.289062
2610580444.335938
2610794067.382812
2611007690.429688
2611221313.476562
2611434936.523438
2611648559.570312
2611862182.617188
2612075805.664062
2612289428.710938
2612503051.757812
2612716674.804688
2612930297.851562
2613143920.898438
2613357543.945312
2613571166.992188
2613784790.039062
2613998413.085938
2614212036.132812
2614425659.179688
2614639282.226562
2614852905.273438
2615066528.320312
2615280151.367188
2615493774.414062
2615707397.460938
2615921020.507812
2616134643.554688
2616348266.601562
2616561889.648438
2616775512.695312
2616989135.742188
2617202758.789062
2617416381.835938
2617630004.882812
2617843627.929688
2618057250.976562
2618270874.023438
2618484497.070312
2618698120.117188
2618911743.164062
2619125366.210938
2619338989.257812
2619552612.304688
2619766235.351562
2619979858.398438
2620193481.445312
2620407104.492188
2620620727.539062
2620834350.585938
2621047973.632812
2621261596.679688
2621475219.726562
2621688842.773438
2621902465.820312
2622116088.867188
2622329711.914062
2622543334.960938
2622756958.007812
2622970581.054688
2623184204.101562
2623397827.148438
2623611450.195312
2623825073.242188
2624038696.289062
2624252319.335938
2624465942.382812
2624679565.429688
2624893188.476562
2625106811.523438
2625320434.570312
2625534057.617188
2625747680.664062
2625961303.710938
2626174926.757812
2626388549.804688
2626602172.851562
2626815795.898438
2627029418.945312
2627243041.992188
2627456665.039062
2627670288.085938
2627883911.132812
2628097534.179688
2628311157.226562
2628524780.273438
2628738403.320312
2628952026.367188
2629165649.414062
2629379272.460938
2629592895.507812
2629806518.554688
2630020141.601562
2630233764.648438
2630447387.695312
2630661010.742188
2630874633.789062
2631088256.835938
2631301879.882812
2631515502.929688
2631729125.976562
2631942749.023438
2632156372.070312
2632369995.117188
2632583618.164062
2632797241.210938
2633010864.257812
2633224487.304688
2633438110.351562
2633651733.398438
2633865356.445312
2634078979.492188
2634292602.539062
2634506225.585938
2634719848.632812
2634933471.679688
2635147094.726562
2635360717.773438
2635574340.820312
2635787963.867188
2636001586.914062
2636215209.960938
2636428833.007812
2636642456.054688
2636856079.101562
2637069702.148438
2637283325.195312
2637496948.242188
2637710571.289062
2637924194.335938
2638137817.382812
2638351440.429688
2638565063.476562
2638778686.523438
2638992309.570312
2639205932.617188
2639419555.664062
2639633178.710938
2639846801.757812
2640060424.804688
2640274047.851562
2640487670.898438
2640701293.945312
2640914916.992188
2641128540.039062
2641342163.085938
2641555786.132812
2641769409.179688
2641983032.226562
2642196655.273438
2642410278.320312
2642623901.367188
2642837524.414062
2643051147.460938
2643264770.507812
2643478393.554688
2643692016.601562
2643905639.648438
2644119262.695312
2644332885.742188
2644546508.789062
2644760131.835938
2644973754.882812
2645187377.929688
2645401000.976562
2645614624.023438
2645828247.070312
2646041870.117188
2646255493.164062
2646469116.210938
2646682739.257812
2646896362.304688
2647109985.351562
2647323608.398438
2647537231.445312
2647750854.492188
2647964477.539062
2648178100.585938
2648391723.632812
2648605346.679688
2648818969.726562
2649032592.773438
2649246215.820312
2649459838.867188
2649673461.914062
2649887084.960938
2650100708.007812
2650314331.054688
2650527954.101562
2650741577.148438
2650955200.195312
2651168823.242188
2651382446.289062
2651596069.335938
2651809692.382812
2652023315.429688
2652236938.476562
2652450561.523438
2652664184.570312
2652877807.617188
2653091430.664062
2653305053.710938
2653518676.757812
2653732299.804688
2653945922.851562
2654159545.898438
2654373168.945312
2654586791.992188
2654800415.039062
2655014038.085938
2655227661.132812
2655441284.179688
2655654907.226562
2655868530.273438
2656082153.320312
2656295776.367188
2656509399.414062
2656723022.460938
2656936645.507812
2657150268.554688
2657363891.601562
2657577514.648438
2657791137.695312
2658004760.742188
2658218383.789062
2658432006.835938
2658645629.882812
2658859252.929688
2659072875.976562
2659286499.023438
2659500122.070312
2659713745.117188
2659927368.164062
2660140991.210938
2660354614.257812
2660568237.304688
2660781860.351562
2660995483.398438
2661209106.445312
2661422729.492188
2661636352.539062
2661849975.585938
2662063598.632812
2662277221.679688
2662490844.726562
2662704467.773438
2662918090.820312
2663131713.867188
2663345336.914062
2663558959.960938
2663772583.007812
2663986206.054688
2664199829.101562
2664413452.148438
2664627075.195312
2664840698.242188
2665054321.289062
2665267944.335938
2665481567.382812
2665695190.429688
2665908813.476562
2666122436.523438
2666336059.570312
2666549682.617188
2666763305.664062
2666976928.710938
2667190551.757812
2667404174.804688
2667617797.851562
2667831420.898438
2668045043.945312
2668258666.992188
2668472290.039062
2668685913.085938
2668899536.132812
2669113159.179688
2669326782.226562
2669540405.273438
2669754028.320312
2669967651.367188
2670181274.414062
2670394897.460938
2670608520.507812
2670822143.554688
2671035766.601562
2671249389.648438
2671463012.695312
2671676635.742188
2671890258.789062
2672103881.835938
2672317504.882812
2672531127.929688
2672744750.976562
2672958374.023438
2673171997.070312
2673385620.117188
2673599243.164062
2673812866.210938
2674026489.257812
2674240112.304688
2674453735.351562
2674667358.398438
2674880981.445312
2675094604.492188
2675308227.539062
2675521850.585938
2675735473.632812
2675949096.679688
2676162719.726562
2676376342.773438
2676589965.820312
2676803588.867188
2677017211.914062
2677230834.960938
2677444458.007812
2677658081.054688
2677871704.101562
2678085327.148438
2678298950.195312
2678512573.242188
2678726196.289062
2678939819.335938
2679153442.382812
2679367065.429688
2679580688.476562
2679794311.523438
2680007934.570312
2680221557.617188
2680435180.664062
2680648803.710938
2680862426.757812
2681076049.804688
2681289672.851562
2681503295.898438
2681716918.945312
2681930541.992188
2682144165.039062
2682357788.085938
2682571411.132812
2682785034.179688
2682998657.226562
2683212280.273438
2683425903.320312
2683639526.367188
2683853149.414062
2684066772.460938
2684280395.507812
2684494018.554688
2684707641.601562
2684921264.648438
2685134887.695312
2685348510.742188
2685562133.789062
2685775756.835938
2685989379.882812
2686203002.929688
2686416625.976562
2686630249.023438
2686843872.070312
2687057495.117188
2687271118.164062
2687484741.210938
2687698364.257812
2687911987.304688
2688125610.351562
2688339233.398438
2688552856.445312
2688766479.492188
2688980102.539062
2689193725.585938
2689407348.632812
2689620971.679688
2689834594.726562
2690048217.773438
2690261840.820312
2690475463.867188
2690689086.914062
2690902709.960938
2691116333.007812
2691329956.054688
2691543579.101562
2691757202.148438
2691970825.195312
2692184448.242188
2692398071.289062
2692611694.335938
2692825317.382812
2693038940.429688
2693252563.476562
2693466186.523438
2693679809.570312
2693893432.617188
2694107055.664062
2694320678.710938
2694534301.757812
2694747924.804688
2694961547.851562
2695175170.898438
2695388793.945312
2695602416.992188
2695816040.039062
2696029663.085938
2696243286.132812
2696456909.179688
2696670532.226562
2696884155.273438
2697097778.320312
2697311401.367188
2697525024.414062
2697738647.460938
2697952270.507812
2698165893.554688
2698379516.601562
2698593139.648438
2698806762.695312
2699020385.742188
2699234008.789062
2699447631.835938
2699661254.882812
2699874877.929688
2700088500.976562
2700302124.023438
2700515747.070312
2700729370.117188
2700942993.164062
2701156616.210938
2701370239.257812
2701583862.304688
2701797485.351562
2702011108.398438
2702224731.445312
2702438354.492188
2702651977.539062
2702865600.585938
2703079223.632812
2703292846.679688
2703506469.726562
2703720092.773438
2703933715.820312
2704147338.867188
2704360961.914062
2704574584.960938
2704788208.007812
2705001831.054688
2705215454.101562
2705429077.148438
2705642700.195312
2705856323.242188
2706069946.289062
2706283569.335938
2706497192.382812
2706710815.429688
2706924438.476562
2707138061.523438
2707351684.570312
2707565307.617188
2707778930.664062
2707992553.710938
2708206176.757812
2708419799.804688
2708633422.851562
2708847045.898438
2709060668.945312
2709274291.992188
2709487915.039062
2709701538.085938
2709915161.132812
2710128784.179688
2710342407.226562
2710556030.273438
2710769653.320312
2710983276.367188
2711196899.414062
2711410522.460938
2711624145.507812
2711837768.554688
2712051391.601562
2712265014.648438
2712478637.695312
2712692260.742188
2712905883.789062
2713119506.835938
2713333129.882812
2713546752.929688
2713760375.976562
2713973999.023438
2714187622.070312
2714401245.117188
2714614868.164062
2714828491.210938
2715042114.257812
2715255737.304688
2715469360.351562
2715682983.398438
2715896606.445312
2716110229.492188
2716323852.539062
2716537475.585938
2716751098.632812
2716964721.679688
2717178344.726562
2717391967.773438
2717605590.820312
2717819213.867188
2718032836.914062
2718246459.960938
2718460083.007812
2718673706.054688
2718887329.101562
2719100952.148438
2719314575.195312
2719528198.242188
2719741821.289062
2719955444.335938
2720169067.382812
2720382690.429688
2720596313.476562
2720809936.523438
2721023559.570312
2721237182.617188
2721450805.664062
2721664428.710938
2721878051.757812
2722091674.804688
2722305297.851562
2722518920.898438
2722732543.945312
2722946166.992188
2723159790.039062
2723373413.085938
2723587036.132812
2723800659.179688
2724014282.226562
2724227905.273438
2724441528.320312
2724655151.367188
2724868774.414062
2725082397.460938
2725296020.507812
2725509643.554688
2725723266.601562
2725936889.648438
2726150512.695312
2726364135.742188
2726577758.789062
2726791381.835938
2727005004.882812
2727218627.929688
2727432250.976562
2727645874.023438
2727859497.070312
2728073120.117188
2728286743.164062
2728500366.210938
2728713989.257812
2728927612.304688
2729141235.351562
2729354858.398438
2729568481.445312
2729782104.492188
2729995727.539062
2730209350.585938
2730422973.632812
2730636596.679688
2730850219.726562
2731063842.773438
2731277465.820312
2731491088.867188
2731704711.914062
2731918334.960938
2732131958.007812
2732345581.054688
2732559204.101562
2732772827.148438
2732986450.195312
2733200073.242188
2733413696.289062
2733627319.335938
2733840942.382812
2734054565.429688
2734268188.476562
2734481811.523438
2734695434.570312
2734909057.617188
2735122680.664062
2735336303.710938
2735549926.757812
2735763549.804688
2735977172.851562
2736190795.898438
2736404418.945312
2736618041.992188
2736831665.039062
2737045288.085938
2737258911.132812
2737472534.179688
2737686157.226562
2737899780.273438
2738113403.320312
2738327026.367188
2738540649.414062
2738754272.460938
2738967895.507812
2739181518.554688
2739395141.601562
2739608764.648438
2739822387.695312
2740036010.742188
2740249633.789062
2740463256.835938
2740676879.882812
2740890502.929688
2741104125.976562
2741317749.023438
2741531372.070312
2741744995.117188
2741958618.164062
2742172241.210938
2742385864.257812
2742599487.304688
2742813110.351562
2743026733.398438
2743240356.445312
2743453979.492188
2743667602.539062
2743881225.585938
2744094848.632812
2744308471.679688
2744522094.726562
2744735717.773438
2744949340.820312
2745162963.867188
2745376586.914062
2745590209.960938
2745803833.007812
2746017456.054688
2746231079.101562
2746444702.148438
2746658325.195312
2746871948.242188
2747085571.289062
2747299194.335938
2747512817.382812
2747726440.429688
2747940063.476562
2748153686.523438
2748367309.570312
2748580932.617188
2748794555.664062
2749008178.710938
2749221801.757812
2749435424.804688
2749649047.851562
2749862670.898438
2750076293.945312
2750289916.992188
2750503540.039062
2750717163.085938
2750930786.132812
2751144409.179688
2751358032.226562
2751571655.273438
2751785278.320312
2751998901.367188
2752212524.414062
2752426147.460938
2752639770.507812
2752853393.554688
2753067016.601562
2753280639.648438
2753494262.695312
2753707885.742188
2753921508.789062
2754135131.835938
2754348754.882812
2754562377.929688
2754776000.976562
2754989624.023438
2755203247.070312
2755416870.117188
2755630493.164062
2755844116.210938
2756057739.257812
2756271362.304688
2756484985.351562
2756698608.398438
2756912231.445312
2757125854.492188
2757339477.539062
2757553100.585938
2757766723.632812
2757980346.679688
2758193969.726562
2758407592.773438
2758621215.820312
2758834838.867188
2759048461.914062
2759262084.960938
2759475708.007812
2759689331.054688
2759902954.101562
2760116577.148438
2760330200.195312
2760543823.242188
2760757446.289062
2760971069.335938
2761184692.382812
2761398315.429688
2761611938.476562
2761825561.523438
2762039184.570312
2762252807.617188
2762466430.664062
2762680053.710938
2762893676.757812
2763107299.804688
2763320922.851562
2763534545.898438
2763748168.945312
2763961791.992188
2764175415.039062
2764389038.085938
2764602661.132812
2764816284.179688
2765029907.226562
2765243530.273438
2765457153.320312
2765670776.367188
2765884399.414062
2766098022.460938
2766311645.507812
2766525268.554688
2766738891.601562
2766952514.648438
2767166137.695312
2767379760.742188
2767593383.789062
2767807006.835938
2768020629.882812
2768234252.929688
2768447875.976562
2768661499.023438
2768875122.070312
2769088745.117188
2769302368.164062
2769515991.210938
2769729614.257812
2769943237.304688
2770156860.351562
2770370483.398438
2770584106.445312
2770797729.492188
2771011352.539062
2771224975.585938
2771438598.632812
2771652221.679688
2771865844.726562
2772079467.773438
2772293090.820312
2772506713.867188
2772720336.914062
2772933959.960938
2773147583.007812
2773361206.054688
2773574829.101562
2773788452.148438
2774002075.195312
2774215698.242188
2774429321.289062
2774642944.335938
2774856567.382812
2775070190.429688
2775283813.476562
2775497436.523438
2775711059.570312
2775924682.617188
2776138305.664062
2776351928.710938
2776565551.757812
2776779174.804688
2776992797.851562
2777206420.898438
2777420043.945312
2777633666.992188
2777847290.039062
2778060913.085938
2778274536.132812
2778488159.179688
2778701782.226562
2778915405.273438
2779129028.320312
2779342651.367188
2779556274.414062
2779769897.460938
2779983520.507812
2780197143.554688
2780410766.601562
2780624389.648438
2780838012.695312
2781051635.742188
2781265258.789062
2781478881.835938
2781692504.882812
2781906127.929688
2782119750.976562
2782333374.023438
2782546997.070312
2782760620.117188
2782974243.164062
2783187866.210938
2783401489.257812
2783615112.304688
2783828735.351562
2784042358.398438
2784255981.445312
2784469604.492188
2784683227.539062
2784896850.585938
2785110473.632812
2785324096.679688
2785537719.726562
2785751342.773438
2785964965.820312
2786178588.867188
2786392211.914062
2786605834.960938
2786819458.007812
2787033081.054688
2787246704.101562
2787460327.148438
2787673950.195312
2787887573.242188
2788101196.289062
2788314819.335938
2788528442.382812
2788742065.429688
2788955688.476562
2789169311.523438
2789382934.570312
2789596557.617188
2789810180.664062
2790023803.710938
2790237426.757812
2790451049.804688
2790664672.851562
2790878295.898438
2791091918.945312
2791305541.992188
2791519165.039062
2791732788.085938
2791946411.132812
2792160034.179688
2792373657.226562
2792587280.273438
2792800903.320312
2793014526.367188
2793228149.414062
2793441772.460938
2793655395.507812
2793869018.554688
2794082641.601562
2794296264.648438
2794509887.695312
2794723510.742188
2794937133.789062
2795150756.835938
2795364379.882812
2795578002.929688
2795791625.976562
2796005249.023438
2796218872.070312
2796432495.117188
2796646118.164062
2796859741.210938
2797073364.257812
2797286987.304688
2797500610.351562
2797714233.398438
2797927856.445312
2798141479.492188
2798355102.539062
2798568725.585938
2798782348.632812
2798995971.679688
2799209594.726562
2799423217.773438
2799636840.820312
2799850463.867188
2800064086.914062
2800277709.960938
2800491333.007812
2800704956.054688
2800918579.101562
2801132202.148438
2801345825.195312
2801559448.242188
2801773071.289062
2801986694.335938
2802200317.382812
2802413940.429688
2802627563.476562
2802841186.523438
2803054809.570312
2803268432.617188
2803482055.664062
2803695678.710938
2803909301.757812
2804122924.804688
2804336547.851562
2804550170.898438
2804763793.945312
2804977416.992188
2805191040.039062
2805404663.085938
2805618286.132812
2805831909.179688
2806045532.226562
2806259155.273438
2806472778.320312
2806686401.367188
2806900024.414062
2807113647.460938
2807327270.507812
2807540893.554688
2807754516.601562
2807968139.648438
2808181762.695312
2808395385.742188
2808609008.789062
2808822631.835938
2809036254.882812
2809249877.929688
2809463500.976562
2809677124.023438
2809890747.070312
2810104370.117188
2810317993.164062
2810531616.210938
2810745239.257812
2810958862.304688
2811172485.351562
2811386108.398438
2811599731.445312
2811813354.492188
2812026977.539062
2812240600.585938
2812454223.632812
2812667846.679688
2812881469.726562
2813095092.773438
2813308715.820312
2813522338.867188
2813735961.914062
2813949584.960938
2814163208.007812
2814376831.054688
2814590454.101562
2814804077.148438
2815017700.195312
2815231323.242188
2815444946.289062
2815658569.335938
2815872192.382812
2816085815.429688
2816299438.476562
2816513061.523438
2816726684.570312
2816940307.617188
2817153930.664062
2817367553.710938
2817581176.757812
2817794799.804688
2818008422.851562
2818222045.898438
2818435668.945312
2818649291.992188
2818862915.039062
2819076538.085938
2819290161.132812
2819503784.179688
2819717407.226562
2819931030.273438
2820144653.320312
2820358276.367188
2820571899.414062
2820785522.460938
2820999145.507812
2821212768.554688
2821426391.601562
2821640014.648438
2821853637.695312
2822067260.742188
2822280883.789062
2822494506.835938
2822708129.882812
2822921752.929688
2823135375.976562
2823348999.023438
2823562622.070312
2823776245.117188
2823989868.164062
2824203491.210938
2824417114.257812
2824630737.304688
2824844360.351562
2825057983.398438
2825271606.445312
2825485229.492188
2825698852.539062
2825912475.585938
2826126098.632812
2826339721.679688
2826553344.726562
2826766967.773438
2826980590.820312
2827194213.867188
2827407836.914062
2827621459.960938
2827835083.007812
2828048706.054688
2828262329.101562
2828475952.148438
2828689575.195312
2828903198.242188
2829116821.289062
2829330444.335938
2829544067.382812
2829757690.429688
2829971313.476562
2830184936.523438
2830398559.570312
2830612182.617188
2830825805.664062
2831039428.710938
2831253051.757812
2831466674.804688
2831680297.851562
2831893920.898438
2832107543.945312
2832321166.992188
2832534790.039062
2832748413.085938
2832962036.132812
2833175659.179688
2833389282.226562
2833602905.273438
2833816528.320312
2834030151.367188
2834243774.414062
2834457397.460938
2834671020.507812
2834884643.554688
2835098266.601562
2835311889.648438
2835525512.695312
2835739135.742188
2835952758.789062
2836166381.835938
2836380004.882812
2836593627.929688
2836807250.976562
2837020874.023438
2837234497.070312
2837448120.117188
2837661743.164062
2837875366.210938
2838088989.257812
2838302612.304688
2838516235.351562
2838729858.398438
2838943481.445312
2839157104.492188
2839370727.539062
2839584350.585938
2839797973.632812
2840011596.679688
2840225219.726562
2840438842.773438
2840652465.820312
2840866088.867188
2841079711.914062
2841293334.960938
2841506958.007812
2841720581.054688
2841934204.101562
2842147827.148438
2842361450.195312
2842575073.242188
2842788696.289062
2843002319.335938
2843215942.382812
2843429565.429688
2843643188.476562
2843856811.523438
2844070434.570312
2844284057.617188
2844497680.664062
2844711303.710938
2844924926.757812
2845138549.804688
2845352172.851562
2845565795.898438
2845779418.945312
2845993041.992188
2846206665.039062
2846420288.085938
2846633911.132812
2846847534.179688
2847061157.226562
2847274780.273438
2847488403.320312
2847702026.367188
2847915649.414062
2848129272.460938
2848342895.507812
2848556518.554688
2848770141.601562
2848983764.648438
2849197387.695312
2849411010.742188
2849624633.789062
2849838256.835938
2850051879.882812
2850265502.929688
2850479125.976562
2850692749.023438
2850906372.070312
2851119995.117188
2851333618.164062
2851547241.210938
2851760864.257812
2851974487.304688
2852188110.351562
2852401733.398438
2852615356.445312
2852828979.492188
2853042602.539062
2853256225.585938
2853469848.632812
2853683471.679688
2853897094.726562
2854110717.773438
2854324340.820312
2854537963.867188
2854751586.914062
2854965209.960938
2855178833.007812
2855392456.054688
2855606079.101562
2855819702.148438
2856033325.195312
2856246948.242188
2856460571.289062
2856674194.335938
2856887817.382812
2857101440.429688
2857315063.476562
2857528686.523438
2857742309.570312
2857955932.617188
2858169555.664062
2858383178.710938
2858596801.757812
2858810424.804688
2859024047.851562
2859237670.898438
2859451293.945312
2859664916.992188
2859878540.039062
2860092163.085938
2860305786.132812
2860519409.179688
2860733032.226562
2860946655.273438
2861160278.320312
2861373901.367188
2861587524.414062
2861801147.460938
2862014770.507812
2862228393.554688
2862442016.601562
2862655639.648438
2862869262.695312
2863082885.742188
2863296508.789062
2863510131.835938
2863723754.882812
2863937377.929688
2864151000.976562
2864364624.023438
2864578247.070312
2864791870.117188
2865005493.164062
2865219116.210938
2865432739.257812
2865646362.304688
2865859985.351562
2866073608.398438
2866287231.445312
2866500854.492188
2866714477.539062
2866928100.585938
2867141723.632812
2867355346.679688
2867568969.726562
2867782592.773438
2867996215.820312
2868209838.867188
2868423461.914062
2868637084.960938
2868850708.007812
2869064331.054688
2869277954.101562
2869491577.148438
2869705200.195312
2869918823.242188
2870132446.289062
2870346069.335938
2870559692.382812
2870773315.429688
2870986938.476562
2871200561.523438
2871414184.570312
2871627807.617188
2871841430.664062
2872055053.710938
2872268676.757812
2872482299.804688
2872695922.851562
2872909545.898438
2873123168.945312
2873336791.992188
2873550415.039062
2873764038.085938
2873977661.132812
2874191284.179688
2874404907.226562
2874618530.273438
2874832153.320312
2875045776.367188
2875259399.414062
2875473022.460938
2875686645.507812
2875900268.554688
2876113891.601562
2876327514.648438
2876541137.695312
2876754760.742188
2876968383.789062
2877182006.835938
2877395629.882812
2877609252.929688
2877822875.976562
2878036499.023438
2878250122.070312
2878463745.117188
2878677368.164062
2878890991.210938
2879104614.257812
2879318237.304688
2879531860.351562
2879745483.398438
2879959106.445312
2880172729.492188
2880386352.539062
2880599975.585938
2880813598.632812
2881027221.679688
2881240844.726562
2881454467.773438
2881668090.820312
2881881713.867188
2882095336.914062
2882308959.960938
2882522583.007812
2882736206.054688
2882949829.101562
2883163452.148438
2883377075.195312
2883590698.242188
2883804321.289062
2884017944.335938
2884231567.382812
2884445190.429688
2884658813.476562
2884872436.523438
2885086059.570312
2885299682.617188
2885513305.664062
2885726928.710938
2885940551.757812
2886154174.804688
2886367797.851562
2886581420.898438
2886795043.945312
2887008666.992188
2887222290.039062
2887435913.085938
2887649536.132812
2887863159.179688
2888076782.226562
2888290405.273438
2888504028.320312
2888717651.367188
2888931274.414062
2889144897.460938
2889358520.507812
2889572143.554688
2889785766.601562
2889999389.648438
2890213012.695312
2890426635.742188
2890640258.789062
2890853881.835938
2891067504.882812
2891281127.929688
2891494750.976562
2891708374.023438
2891921997.070312
2892135620.117188
2892349243.164062
2892562866.210938
2892776489.257812
2892990112.304688
2893203735.351562
2893417358.398438
2893630981.445312
2893844604.492188
2894058227.539062
2894271850.585938
2894485473.632812
2894699096.679688
2894912719.726562
2895126342.773438
2895339965.820312
2895553588.867188
2895767211.914062
2895980834.960938
2896194458.007812
2896408081.054688
2896621704.101562
2896835327.148438
2897048950.195312
2897262573.242188
2897476196.289062
2897689819.335938
2897903442.382812
2898117065.429688
2898330688.476562
2898544311.523438
2898757934.570312
2898971557.617188
2899185180.664062
2899398803.710938
2899612426.757812
2899826049.804688
2900039672.851562
2900253295.898438
2900466918.945312
2900680541.992188
2900894165.039062
2901107788.085938
2901321411.132812
2901535034.179688
2901748657.226562
2901962280.273438
2902175903.320312
2902389526.367188
2902603149.414062
2902816772.460938
2903030395.507812
2903244018.554688
2903457641.601562
2903671264.648438
2903884887.695312
2904098510.742188
2904312133.789062
2904525756.835938
2904739379.882812
2904953002.929688
2905166625.976562
2905380249.023438
2905593872.070312
2905807495.117188
2906021118.164062
2906234741.210938
2906448364.257812
2906661987.304688
2906875610.351562
2907089233.398438
2907302856.445312
2907516479.492188
2907730102.539062
2907943725.585938
2908157348.632812
2908370971.679688
2908584594.726562
2908798217.773438
2909011840.820312
2909225463.867188
2909439086.914062
2909652709.960938
2909866333.007812
2910079956.054688
2910293579.101562
2910507202.148438
2910720825.195312
2910934448.242188
2911148071.289062
2911361694.335938
2911575317.382812
2911788940.429688
2912002563.476562
2912216186.523438
2912429809.570312
2912643432.617188
2912857055.664062
2913070678.710938
2913284301.757812
2913497924.804688
2913711547.851562
2913925170.898438
2914138793.945312
2914352416.992188
2914566040.039062
2914779663.085938
2914993286.132812
2915206909.179688
2915420532.226562
2915634155.273438
2915847778.320312
2916061401.367188
2916275024.414062
2916488647.460938
2916702270.507812
2916915893.554688
2917129516.601562
2917343139.648438
2917556762.695312
2917770385.742188
2917984008.789062
2918197631.835938
2918411254.882812
2918624877.929688
2918838500.976562
2919052124.023438
2919265747.070312
2919479370.117188
2919692993.164062
2919906616.210938
2920120239.257812
2920333862.304688
2920547485.351562
2920761108.398438
2920974731.445312
2921188354.492188
2921401977.539062
2921615600.585938
2921829223.632812
2922042846.679688
2922256469.726562
2922470092.773438
2922683715.820312
2922897338.867188
2923110961.914062
2923324584.960938
2923538208.007812
2923751831.054688
2923965454.101562
2924179077.148438
2924392700.195312
2924606323.242188
2924819946.289062
2925033569.335938
2925247192.382812
2925460815.429688
2925674438.476562
2925888061.523438
2926101684.570312
2926315307.617188
2926528930.664062
2926742553.710938
2926956176.757812
2927169799.804688
2927383422.851562
2927597045.898438
2927810668.945312
2928024291.992188
2928237915.039062
2928451538.085938
2928665161.132812
2928878784.179688
2929092407.226562
2929306030.273438
2929519653.320312
2929733276.367188
2929946899.414062
2930160522.460938
2930374145.507812
2930587768.554688
2930801391.601562
2931015014.648438
2931228637.695312
2931442260.742188
2931655883.789062
2931869506.835938
2932083129.882812
2932296752.929688
2932510375.976562
2932723999.023438
2932937622.070312
2933151245.117188
2933364868.164062
2933578491.210938
2933792114.257812
2934005737.304688
2934219360.351562
2934432983.398438
2934646606.445312
2934860229.492188
2935073852.539062
2935287475.585938
2935501098.632812
2935714721.679688
2935928344.726562
2936141967.773438
2936355590.820312
2936569213.867188
2936782836.914062
2936996459.960938
2937210083.007812
2937423706.054688
2937637329.101562
2937850952.148438
2938064575.195312
2938278198.242188
2938491821.289062
2938705444.335938
2938919067.382812
2939132690.429688
2939346313.476562
2939559936.523438
2939773559.570312
2939987182.617188
2940200805.664062
2940414428.710938
2940628051.757812
2940841674.804688
2941055297.851562
2941268920.898438
2941482543.945312
2941696166.992188
2941909790.039062
2942123413.085938
2942337036.132812
2942550659.179688
2942764282.226562
2942977905.273438
2943191528.320312
2943405151.367188
2943618774.414062
2943832397.460938
2944046020.507812
2944259643.554688
2944473266.601562
2944686889.648438
2944900512.695312
2945114135.742188
2945327758.789062
2945541381.835938
2945755004.882812
2945968627.929688
2946182250.976562
2946395874.023438
2946609497.070312
2946823120.117188
2947036743.164062
2947250366.210938
2947463989.257812
2947677612.304688
2947891235.351562
2948104858.398438
2948318481.445312
2948532104.492188
2948745727.539062
2948959350.585938
2949172973.632812
2949386596.679688
2949600219.726562
2949813842.773438
2950027465.820312
2950241088.867188
2950454711.914062
2950668334.960938
2950881958.007812
2951095581.054688
2951309204.101562
2951522827.148438
2951736450.195312
2951950073.242188
2952163696.289062
2952377319.335938
2952590942.382812
2952804565.429688
2953018188.476562
2953231811.523438
2953445434.570312
2953659057.617188
2953872680.664062
2954086303.710938
2954299926.757812
2954513549.804688
2954727172.851562
2954940795.898438
2955154418.945312
2955368041.992188
2955581665.039062
2955795288.085938
2956008911.132812
2956222534.179688
2956436157.226562
2956649780.273438
2956863403.320312
2957077026.367188
2957290649.414062
2957504272.460938
2957717895.507812
2957931518.554688
2958145141.601562
2958358764.648438
2958572387.695312
2958786010.742188
2958999633.789062
2959213256.835938
2959426879.882812
2959640502.929688
2959854125.976562
2960067749.023438
2960281372.070312
2960494995.117188
2960708618.164062
2960922241.210938
2961135864.257812
2961349487.304688
2961563110.351562
2961776733.398438
2961990356.445312
2962203979.492188
2962417602.539062
2962631225.585938
2962844848.632812
2963058471.679688
2963272094.726562
2963485717.773438
2963699340.820312
2963912963.867188
2964126586.914062
2964340209.960938
2964553833.007812
2964767456.054688
2964981079.101562
2965194702.148438
2965408325.195312
2965621948.242188
2965835571.289062
2966049194.335938
2966262817.382812
2966476440.429688
2966690063.476562
2966903686.523438
2967117309.570312
2967330932.617188
2967544555.664062
2967758178.710938
2967971801.757812
2968185424.804688
2968399047.851562
2968612670.898438
2968826293.945312
2969039916.992188
2969253540.039062
2969467163.085938
2969680786.132812
2969894409.179688
2970108032.226562
2970321655.273438
2970535278.320312
2970748901.367188
2970962524.414062
2971176147.460938
2971389770.507812
2971603393.554688
2971817016.601562
2972030639.648438
2972244262.695312
2972457885.742188
2972671508.789062
2972885131.835938
2973098754.882812
2973312377.929688
2973526000.976562
2973739624.023438
2973953247.070312
2974166870.117188
2974380493.164062
2974594116.210938
2974807739.257812
2975021362.304688
2975234985.351562
2975448608.398438
2975662231.445312
2975875854.492188
2976089477.539062
2976303100.585938
2976516723.632812
2976730346.679688
2976943969.726562
2977157592.773438
2977371215.820312
2977584838.867188
2977798461.914062
2978012084.960938
2978225708.007812
2978439331.054688
2978652954.101562
2978866577.148438
2979080200.195312
2979293823.242188
2979507446.289062
2979721069.335938
2979934692.382812
2980148315.429688
2980361938.476562
2980575561.523438
2980789184.570312
2981002807.617188
2981216430.664062
2981430053.710938
2981643676.757812
2981857299.804688
2982070922.851562
2982284545.898438
2982498168.945312
2982711791.992188
2982925415.039062
2983139038.085938
2983352661.132812
2983566284.179688
2983779907.226562
2983993530.273438
2984207153.320312
2984420776.367188
2984634399.414062
2984848022.460938
2985061645.507812
2985275268.554688
2985488891.601562
2985702514.648438
2985916137.695312
2986129760.742188
2986343383.789062
2986557006.835938
2986770629.882812
2986984252.929688
2987197875.976562
2987411499.023438
2987625122.070312
2987838745.117188
2988052368.164062
2988265991.210938
2988479614.257812
2988693237.304688
2988906860.351562
2989120483.398438
2989334106.445312
2989547729.492188
2989761352.539062
2989974975.585938
2990188598.632812
2990402221.679688
2990615844.726562
2990829467.773438
2991043090.820312
2991256713.867188
2991470336.914062
2991683959.960938
2991897583.007812
2992111206.054688
2992324829.101562
2992538452.148438
2992752075.195312
2992965698.242188
2993179321.289062
2993392944.335938
2993606567.382812
2993820190.429688
2994033813.476562
2994247436.523438
2994461059.570312
2994674682.617188
2994888305.664062
2995101928.710938
2995315551.757812
2995529174.804688
2995742797.851562
2995956420.898438
2996170043.945312
2996383666.992188
2996597290.039062
2996810913.085938
2997024536.132812
2997238159.179688
2997451782.226562
2997665405.273438
2997879028.320312
2998092651.367188
2998306274.414062
2998519897.460938
2998733520.507812
2998947143.554688
2999160766.601562
2999374389.648438
2999588012.695312
2999801635.742188
3000015258.789062
3000228881.835938
3000442504.882812
3000656127.929688
3000869750.976562
3001083374.023438
3001296997.070312
3001510620.117188
3001724243.164062
3001937866.210938
3002151489.257812
3002365112.304688
3002578735.351562
3002792358.398438
3003005981.445312
3003219604.492188
3003433227.539062
3003646850.585938
3003860473.632812
3004074096.679688
3004287719.726562
3004501342.773438
3004714965.820312
3004928588.867188
3005142211.914062
3005355834.960938
3005569458.007812
3005783081.054688
3005996704.101562
3006210327.148438
3006423950.195312
3006637573.242188
3006851196.289062
3007064819.335938
3007278442.382812
3007492065.429688
3007705688.476562
3007919311.523438
3008132934.570312
3008346557.617188
3008560180.664062
3008773803.710938
3008987426.757812
3009201049.804688
3009414672.851562
3009628295.898438
3009841918.945312
3010055541.992188
3010269165.039062
3010482788.085938
3010696411.132812
3010910034.179688
3011123657.226562
3011337280.273438
3011550903.320312
3011764526.367188
3011978149.414062
3012191772.460938
3012405395.507812
3012619018.554688
3012832641.601562
3013046264.648438
3013259887.695312
3013473510.742188
3013687133.789062
3013900756.835938
3014114379.882812
3014328002.929688
3014541625.976562
3014755249.023438
3014968872.070312
3015182495.117188
3015396118.164062
3015609741.210938
3015823364.257812
3016036987.304688
3016250610.351562
3016464233.398438
3016677856.445312
3016891479.492188
3017105102.539062
3017318725.585938
3017532348.632812
3017745971.679688
3017959594.726562
3018173217.773438
3018386840.820312
3018600463.867188
3018814086.914062
3019027709.960938
3019241333.007812
3019454956.054688
3019668579.101562
3019882202.148438
3020095825.195312
3020309448.242188
3020523071.289062
3020736694.335938
3020950317.382812
3021163940.429688
3021377563.476562
3021591186.523438
3021804809.570312
3022018432.617188
3022232055.664062
3022445678.710938
3022659301.757812
3022872924.804688
3023086547.851562
3023300170.898438
3023513793.945312
3023727416.992188
3023941040.039062
3024154663.085938
3024368286.132812
3024581909.179688
3024795532.226562
3025009155.273438
3025222778.320312
3025436401.367188
3025650024.414062
3025863647.460938
3026077270.507812
3026290893.554688
3026504516.601562
3026718139.648438
3026931762.695312
3027145385.742188
3027359008.789062
3027572631.835938
3027786254.882812
3027999877.929688
3028213500.976562
3028427124.023438
3028640747.070312
3028854370.117188
3029067993.164062
3029281616.210938
3029495239.257812
3029708862.304688
3029922485.351562
3030136108.398438
3030349731.445312
3030563354.492188
3030776977.539062
3030990600.585938
3031204223.632812
3031417846.679688
3031631469.726562
3031845092.773438
3032058715.820312
3032272338.867188
3032485961.914062
3032699584.960938
3032913208.007812
3033126831.054688
3033340454.101562
3033554077.148438
3033767700.195312
3033981323.242188
3034194946.289062
3034408569.335938
3034622192.382812
3034835815.429688
3035049438.476562
3035263061.523438
3035476684.570312
3035690307.617188
3035903930.664062
3036117553.710938
3036331176.757812
3036544799.804688
3036758422.851562
3036972045.898438
3037185668.945312
3037399291.992188
3037612915.039062
3037826538.085938
3038040161.132812
3038253784.179688
3038467407.226562
3038681030.273438
3038894653.320312
3039108276.367188
3039321899.414062
3039535522.460938
3039749145.507812
3039962768.554688
3040176391.601562
3040390014.648438
3040603637.695312
3040817260.742188
3041030883.789062
3041244506.835938
3041458129.882812
3041671752.929688
3041885375.976562
3042098999.023438
3042312622.070312
3042526245.117188
3042739868.164062
3042953491.210938
3043167114.257812
3043380737.304688
3043594360.351562
3043807983.398438
3044021606.445312
3044235229.492188
3044448852.539062
3044662475.585938
3044876098.632812
3045089721.679688
3045303344.726562
3045516967.773438
3045730590.820312
3045944213.867188
3046157836.914062
3046371459.960938
3046585083.007812
3046798706.054688
3047012329.101562
3047225952.148438
3047439575.195312
3047653198.242188
3047866821.289062
3048080444.335938
3048294067.382812
3048507690.429688
3048721313.476562
3048934936.523438
3049148559.570312
3049362182.617188
3049575805.664062
3049789428.710938
3050003051.757812
3050216674.804688
3050430297.851562
3050643920.898438
3050857543.945312
3051071166.992188
3051284790.039062
3051498413.085938
3051712036.132812
3051925659.179688
3052139282.226562
3052352905.273438
3052566528.320312
3052780151.367188
3052993774.414062
3053207397.460938
3053421020.507812
3053634643.554688
3053848266.601562
3054061889.648438
3054275512.695312
3054489135.742188
3054702758.789062
3054916381.835938
3055130004.882812
3055343627.929688
3055557250.976562
3055770874.023438
3055984497.070312
3056198120.117188
3056411743.164062
3056625366.210938
3056838989.257812
3057052612.304688
3057266235.351562
3057479858.398438
3057693481.445312
3057907104.492188
3058120727.539062
3058334350.585938
3058547973.632812
3058761596.679688
3058975219.726562
3059188842.773438
3059402465.820312
3059616088.867188
3059829711.914062
3060043334.960938
3060256958.007812
3060470581.054688
3060684204.101562
3060897827.148438
3061111450.195312
3061325073.242188
3061538696.289062
3061752319.335938
3061965942.382812
3062179565.429688
3062393188.476562
3062606811.523438
3062820434.570312
3063034057.617188
3063247680.664062
3063461303.710938
3063674926.757812
3063888549.804688
3064102172.851562
3064315795.898438
3064529418.945312
3064743041.992188
3064956665.039062
3065170288.085938
3065383911.132812
3065597534.179688
3065811157.226562
3066024780.273438
3066238403.320312
3066452026.367188
3066665649.414062
3066879272.460938
3067092895.507812
3067306518.554688
3067520141.601562
3067733764.648438
3067947387.695312
3068161010.742188
3068374633.789062
3068588256.835938
3068801879.882812
3069015502.929688
3069229125.976562
3069442749.023438
3069656372.070312
3069869995.117188
3070083618.164062
3070297241.210938
3070510864.257812
3070724487.304688
3070938110.351562
3071151733.398438
3071365356.445312
3071578979.492188
3071792602.539062
3072006225.585938
3072219848.632812
3072433471.679688
3072647094.726562
3072860717.773438
3073074340.820312
3073287963.867188
3073501586.914062
3073715209.960938
3073928833.007812
3074142456.054688
3074356079.101562
3074569702.148438
3074783325.195312
3074996948.242188
3075210571.289062
3075424194.335938
3075637817.382812
3075851440.429688
3076065063.476562
3076278686.523438
3076492309.570312
3076705932.617188
3076919555.664062
3077133178.710938
3077346801.757812
3077560424.804688
3077774047.851562
3077987670.898438
3078201293.945312
3078414916.992188
3078628540.039062
3078842163.085938
3079055786.132812
3079269409.179688
3079483032.226562
3079696655.273438
3079910278.320312
3080123901.367188
3080337524.414062
3080551147.460938
3080764770.507812
3080978393.554688
3081192016.601562
3081405639.648438
3081619262.695312
3081832885.742188
3082046508.789062
3082260131.835938
3082473754.882812
3082687377.929688
3082901000.976562
3083114624.023438
3083328247.070312
3083541870.117188
3083755493.164062
3083969116.210938
3084182739.257812
3084396362.304688
3084609985.351562
3084823608.398438
3085037231.445312
3085250854.492188
3085464477.539062
3085678100.585938
3085891723.632812
3086105346.679688
3086318969.726562
3086532592.773438
3086746215.820312
3086959838.867188
3087173461.914062
3087387084.960938
3087600708.007812
3087814331.054688
3088027954.101562
3088241577.148438
3088455200.195312
3088668823.242188
3088882446.289062
3089096069.335938
3089309692.382812
3089523315.429688
3089736938.476562
3089950561.523438
3090164184.570312
3090377807.617188
3090591430.664062
3090805053.710938
3091018676.757812
3091232299.804688
3091445922.851562
3091659545.898438
3091873168.945312
3092086791.992188
3092300415.039062
3092514038.085938
3092727661.132812
3092941284.179688
3093154907.226562
3093368530.273438
3093582153.320312
3093795776.367188
3094009399.414062
3094223022.460938
3094436645.507812
3094650268.554688
3094863891.601562
3095077514.648438
3095291137.695312
3095504760.742188
3095718383.789062
3095932006.835938
3096145629.882812
3096359252.929688
3096572875.976562
3096786499.023438
3097000122.070312
3097213745.117188
3097427368.164062
3097640991.210938
3097854614.257812
3098068237.304688
3098281860.351562
3098495483.398438
3098709106.445312
3098922729.492188
3099136352.539062
3099349975.585938
3099563598.632812
3099777221.679688
3099990844.726562
3100204467.773438
3100418090.820312
3100631713.867188
3100845336.914062
3101058959.960938
3101272583.007812
3101486206.054688
3101699829.101562
3101913452.148438
3102127075.195312
3102340698.242188
3102554321.289062
3102767944.335938
3102981567.382812
3103195190.429688
3103408813.476562
3103622436.523438
3103836059.570312
3104049682.617188
3104263305.664062
3104476928.710938
3104690551.757812
3104904174.804688
3105117797.851562
3105331420.898438
3105545043.945312
3105758666.992188
3105972290.039062
3106185913.085938
3106399536.132812
3106613159.179688
3106826782.226562
3107040405.273438
3107254028.320312
3107467651.367188
3107681274.414062
3107894897.460938
3108108520.507812
3108322143.554688
3108535766.601562
3108749389.648438
3108963012.695312
3109176635.742188
3109390258.789062
3109603881.835938
3109817504.882812
3110031127.929688
3110244750.976562
3110458374.023438
3110671997.070312
3110885620.117188
3111099243.164062
3111312866.210938
3111526489.257812
3111740112.304688
3111953735.351562
3112167358.398438
3112380981.445312
3112594604.492188
3112808227.539062
3113021850.585938
3113235473.632812
3113449096.679688
3113662719.726562
3113876342.773438
3114089965.820312
3114303588.867188
3114517211.914062
3114730834.960938
3114944458.007812
3115158081.054688
3115371704.101562
3115585327.148438
3115798950.195312
3116012573.242188
3116226196.289062
3116439819.335938
3116653442.382812
3116867065.429688
3117080688.476562
3117294311.523438
3117507934.570312
3117721557.617188
3117935180.664062
3118148803.710938
3118362426.757812
3118576049.804688
3118789672.851562
3119003295.898438
3119216918.945312
3119430541.992188
3119644165.039062
3119857788.085938
3120071411.132812
3120285034.179688
3120498657.226562
3120712280.273438
3120925903.320312
3121139526.367188
3121353149.414062
3121566772.460938
3121780395.507812
3121994018.554688
3122207641.601562
3122421264.648438
3122634887.695312
3122848510.742188
3123062133.789062
3123275756.835938
3123489379.882812
3123703002.929688
3123916625.976562
3124130249.023438
3124343872.070312
3124557495.117188
3124771118.164062
3124984741.210938
3125198364.257812
3125411987.304688
3125625610.351562
3125839233.398438
3126052856.445312
3126266479.492188
3126480102.539062
3126693725.585938
3126907348.632812
3127120971.679688
3127334594.726562
3127548217.773438
3127761840.820312
3127975463.867188
3128189086.914062
3128402709.960938
3128616333.007812
3128829956.054688
3129043579.101562
3129257202.148438
3129470825.195312
3129684448.242188
3129898071.289062
3130111694.335938
3130325317.382812
3130538940.429688
3130752563.476562
3130966186.523438
3131179809.570312
3131393432.617188
3131607055.664062
3131820678.710938
3132034301.757812
3132247924.804688
3132461547.851562
3132675170.898438
3132888793.945312
3133102416.992188
3133316040.039062
3133529663.085938
3133743286.132812
3133956909.179688
3134170532.226562
3134384155.273438
3134597778.320312
3134811401.367188
3135025024.414062
3135238647.460938
3135452270.507812
3135665893.554688
3135879516.601562
3136093139.648438
3136306762.695312
3136520385.742188
3136734008.789062
3136947631.835938
3137161254.882812
3137374877.929688
3137588500.976562
3137802124.023438
3138015747.070312
3138229370.117188
3138442993.164062
3138656616.210938
3138870239.257812
3139083862.304688
3139297485.351562
3139511108.398438
3139724731.445312
3139938354.492188
3140151977.539062
3140365600.585938
3140579223.632812
3140792846.679688
3141006469.726562
3141220092.773438
3141433715.820312
3141647338.867188
3141860961.914062
3142074584.960938
3142288208.007812
3142501831.054688
3142715454.101562
3142929077.148438
3143142700.195312
3143356323.242188
3143569946.289062
3143783569.335938
3143997192.382812
3144210815.429688
3144424438.476562
3144638061.523438
3144851684.570312
3145065307.617188
3145278930.664062
3145492553.710938
3145706176.757812
3145919799.804688
3146133422.851562
3146347045.898438
3146560668.945312
3146774291.992188
3146987915.039062
3147201538.085938
3147415161.132812
3147628784.179688
3147842407.226562
3148056030.273438
3148269653.320312
3148483276.367188
3148696899.414062
3148910522.460938
3149124145.507812
3149337768.554688
3149551391.601562
3149765014.648438
3149978637.695312
3150192260.742188
3150405883.789062
3150619506.835938
3150833129.882812
3151046752.929688
3151260375.976562
3151473999.023438
3151687622.070312
3151901245.117188
3152114868.164062
3152328491.210938
3152542114.257812
3152755737.304688
3152969360.351562
3153182983.398438
3153396606.445312
3153610229.492188
3153823852.539062
3154037475.585938
3154251098.632812
3154464721.679688
3154678344.726562
3154891967.773438
3155105590.820312
3155319213.867188
3155532836.914062
3155746459.960938
3155960083.007812
3156173706.054688
3156387329.101562
3156600952.148438
3156814575.195312
3157028198.242188
3157241821.289062
3157455444.335938
3157669067.382812
3157882690.429688
3158096313.476562
3158309936.523438
3158523559.570312
3158737182.617188
3158950805.664062
3159164428.710938
3159378051.757812
3159591674.804688
3159805297.851562
3160018920.898438
3160232543.945312
3160446166.992188
3160659790.039062
3160873413.085938
3161087036.132812
3161300659.179688
3161514282.226562
3161727905.273438
3161941528.320312
3162155151.367188
3162368774.414062
3162582397.460938
3162796020.507812
3163009643.554688
3163223266.601562
3163436889.648438
3163650512.695312
3163864135.742188
3164077758.789062
3164291381.835938
3164505004.882812
3164718627.929688
3164932250.976562
3165145874.023438
3165359497.070312
3165573120.117188
3165786743.164062
3166000366.210938
3166213989.257812
3166427612.304688
3166641235.351562
3166854858.398438
3167068481.445312
3167282104.492188
3167495727.539062
3167709350.585938
3167922973.632812
3168136596.679688
3168350219.726562
3168563842.773438
3168777465.820312
3168991088.867188
3169204711.914062
3169418334.960938
3169631958.007812
3169845581.054688
3170059204.101562
3170272827.148438
3170486450.195312
3170700073.242188
3170913696.289062
3171127319.335938
3171340942.382812
3171554565.429688
3171768188.476562
3171981811.523438
3172195434.570312
3172409057.617188
3172622680.664062
3172836303.710938
3173049926.757812
3173263549.804688
3173477172.851562
3173690795.898438
3173904418.945312
3174118041.992188
3174331665.039062
3174545288.085938
3174758911.132812
3174972534.179688
3175186157.226562
3175399780.273438
3175613403.320312
3175827026.367188
3176040649.414062
3176254272.460938
3176467895.507812
3176681518.554688
3176895141.601562
3177108764.648438
3177322387.695312
3177536010.742188
3177749633.789062
3177963256.835938
3178176879.882812
3178390502.929688
3178604125.976562
3178817749.023438
3179031372.070312
3179244995.117188
3179458618.164062
3179672241.210938
3179885864.257812
3180099487.304688
3180313110.351562
3180526733.398438
3180740356.445312
3180953979.492188
3181167602.539062
3181381225.585938
3181594848.632812
3181808471.679688
3182022094.726562
3182235717.773438
3182449340.820312
3182662963.867188
3182876586.914062
3183090209.960938
3183303833.007812
3183517456.054688
3183731079.101562
3183944702.148438
3184158325.195312
3184371948.242188
3184585571.289062
3184799194.335938
3185012817.382812
3185226440.429688
3185440063.476562
3185653686.523438
3185867309.570312
3186080932.617188
3186294555.664062
3186508178.710938
3186721801.757812
3186935424.804688
3187149047.851562
3187362670.898438
3187576293.945312
3187789916.992188
3188003540.039062
3188217163.085938
3188430786.132812
3188644409.179688
3188858032.226562
3189071655.273438
3189285278.320312
3189498901.367188
3189712524.414062
3189926147.460938
3190139770.507812
3190353393.554688
3190567016.601562
3190780639.648438
3190994262.695312
3191207885.742188
3191421508.789062
3191635131.835938
3191848754.882812
3192062377.929688
3192276000.976562
3192489624.023438
3192703247.070312
3192916870.117188
3193130493.164062
3193344116.210938
3193557739.257812
3193771362.304688
3193984985.351562
3194198608.398438
3194412231.445312
3194625854.492188
3194839477.539062
3195053100.585938
3195266723.632812
3195480346.679688
3195693969.726562
3195907592.773438
3196121215.820312
3196334838.867188
3196548461.914062
3196762084.960938
3196975708.007812
3197189331.054688
3197402954.101562
3197616577.148438
3197830200.195312
3198043823.242188
3198257446.289062
3198471069.335938
3198684692.382812
3198898315.429688
3199111938.476562
3199325561.523438
3199539184.570312
3199752807.617188
3199966430.664062
3200180053.710938
3200393676.757812
3200607299.804688
3200820922.851562
3201034545.898438
3201248168.945312
3201461791.992188
3201675415.039062
3201889038.085938
3202102661.132812
3202316284.179688
3202529907.226562
3202743530.273438
3202957153.320312
3203170776.367188
3203384399.414062
3203598022.460938
3203811645.507812
3204025268.554688
3204238891.601562
3204452514.648438
3204666137.695312
3204879760.742188
3205093383.789062
3205307006.835938
3205520629.882812
3205734252.929688
3205947875.976562
3206161499.023438
3206375122.070312
3206588745.117188
3206802368.164062
3207015991.210938
3207229614.257812
3207443237.304688
3207656860.351562
3207870483.398438
3208084106.445312
3208297729.492188
3208511352.539062
3208724975.585938
3208938598.632812
3209152221.679688
3209365844.726562
3209579467.773438
3209793090.820312
3210006713.867188
3210220336.914062
3210433959.960938
3210647583.007812
3210861206.054688
3211074829.101562
3211288452.148438
3211502075.195312
3211715698.242188
3211929321.289062
3212142944.335938
3212356567.382812
3212570190.429688
3212783813.476562
3212997436.523438
3213211059.570312
3213424682.617188
3213638305.664062
3213851928.710938
3214065551.757812
3214279174.804688
3214492797.851562
3214706420.898438
3214920043.945312
3215133666.992188
3215347290.039062
3215560913.085938
3215774536.132812
3215988159.179688
3216201782.226562
3216415405.273438
3216629028.320312
3216842651.367188
3217056274.414062
3217269897.460938
3217483520.507812
3217697143.554688
3217910766.601562
3218124389.648438
3218338012.695312
3218551635.742188
3218765258.789062
3218978881.835938
3219192504.882812
3219406127.929688
3219619750.976562
3219833374.023438
3220046997.070312
3220260620.117188
3220474243.164062
3220687866.210938
3220901489.257812
3221115112.304688
3221328735.351562
3221542358.398438
3221755981.445312
3221969604.492188
3222183227.539062
3222396850.585938
3222610473.632812
3222824096.679688
3223037719.726562
3223251342.773438
3223464965.820312
3223678588.867188
3223892211.914062
3224105834.960938
3224319458.007812
3224533081.054688
3224746704.101562
3224960327.148438
3225173950.195312
3225387573.242188
3225601196.289062
3225814819.335938
3226028442.382812
3226242065.429688
3226455688.476562
3226669311.523438
3226882934.570312
3227096557.617188
3227310180.664062
3227523803.710938
3227737426.757812
3227951049.804688
3228164672.851562
3228378295.898438
3228591918.945312
3228805541.992188
3229019165.039062
3229232788.085938
3229446411.132812
3229660034.179688
3229873657.226562
3230087280.273438
3230300903.320312
3230514526.367188
3230728149.414062
3230941772.460938
3231155395.507812
3231369018.554688
3231582641.601562
3231796264.648438
3232009887.695312
3232223510.742188
3232437133.789062
3232650756.835938
3232864379.882812
3233078002.929688
3233291625.976562
3233505249.023438
3233718872.070312
3233932495.117188
3234146118.164062
3234359741.210938
3234573364.257812
3234786987.304688
3235000610.351562
3235214233.398438
3235427856.445312
3235641479.492188
3235855102.539062
3236068725.585938
3236282348.632812
3236495971.679688
3236709594.726562
3236923217.773438
3237136840.820312
3237350463.867188
3237564086.914062
3237777709.960938
3237991333.007812
3238204956.054688
3238418579.101562
3238632202.148438
3238845825.195312
3239059448.242188
3239273071.289062
3239486694.335938
3239700317.382812
3239913940.429688
3240127563.476562
3240341186.523438
3240554809.570312
3240768432.617188
3240982055.664062
3241195678.710938
3241409301.757812
3241622924.804688
3241836547.851562
3242050170.898438
3242263793.945312
3242477416.992188
3242691040.039062
3242904663.085938
3243118286.132812
3243331909.179688
3243545532.226562
3243759155.273438
3243972778.320312
3244186401.367188
3244400024.414062
3244613647.460938
3244827270.507812
3245040893.554688
3245254516.601562
3245468139.648438
3245681762.695312
3245895385.742188
3246109008.789062
3246322631.835938
3246536254.882812
3246749877.929688
3246963500.976562
3247177124.023438
3247390747.070312
3247604370.117188
3247817993.164062
3248031616.210938
3248245239.257812
3248458862.304688
3248672485.351562
3248886108.398438
3249099731.445312
3249313354.492188
3249526977.539062
3249740600.585938
3249954223.632812
3250167846.679688
3250381469.726562
3250595092.773438
3250808715.820312
3251022338.867188
3251235961.914062
3251449584.960938
3251663208.007812
3251876831.054688
3252090454.101562
3252304077.148438
3252517700.195312
3252731323.242188
3252944946.289062
3253158569.335938
3253372192.382812
3253585815.429688
3253799438.476562
3254013061.523438
3254226684.570312
3254440307.617188
3254653930.664062
3254867553.710938
3255081176.757812
3255294799.804688
3255508422.851562
3255722045.898438
3255935668.945312
3256149291.992188
3256362915.039062
3256576538.085938
3256790161.132812
3257003784.179688
3257217407.226562
3257431030.273438
3257644653.320312
3257858276.367188
3258071899.414062
3258285522.460938
3258499145.507812
3258712768.554688
3258926391.601562
3259140014.648438
3259353637.695312
3259567260.742188
3259780883.789062
3259994506.835938
3260208129.882812
3260421752.929688
3260635375.976562
3260848999.023438
3261062622.070312
3261276245.117188
3261489868.164062
3261703491.210938
3261917114.257812
3262130737.304688
3262344360.351562
3262557983.398438
3262771606.445312
3262985229.492188
3263198852.539062
3263412475.585938
3263626098.632812
3263839721.679688
3264053344.726562
3264266967.773438
3264480590.820312
3264694213.867188
3264907836.914062
3265121459.960938
3265335083.007812
3265548706.054688
3265762329.101562
3265975952.148438
3266189575.195312
3266403198.242188
3266616821.289062
3266830444.335938
3267044067.382812
3267257690.429688
3267471313.476562
3267684936.523438
3267898559.570312
3268112182.617188
3268325805.664062
3268539428.710938
3268753051.757812
3268966674.804688
3269180297.851562
3269393920.898438
3269607543.945312
3269821166.992188
3270034790.039062
3270248413.085938
3270462036.132812
3270675659.179688
3270889282.226562
3271102905.273438
3271316528.320312
3271530151.367188
3271743774.414062
3271957397.460938
3272171020.507812
3272384643.554688
3272598266.601562
3272811889.648438
3273025512.695312
3273239135.742188
3273452758.789062
3273666381.835938
3273880004.882812
3274093627.929688
3274307250.976562
3274520874.023438
3274734497.070312
3274948120.117188
3275161743.164062
3275375366.210938
3275588989.257812
3275802612.304688
3276016235.351562
3276229858.398438
3276443481.445312
3276657104.492188
3276870727.539062
3277084350.585938
3277297973.632812
3277511596.679688
3277725219.726562
3277938842.773438
3278152465.820312
3278366088.867188
3278579711.914062
3278793334.960938
3279006958.007812
3279220581.054688
3279434204.101562
3279647827.148438
3279861450.195312
3280075073.242188
3280288696.289062
3280502319.335938
3280715942.382812
3280929565.429688
3281143188.476562
3281356811.523438
3281570434.570312
3281784057.617188
3281997680.664062
3282211303.710938
3282424926.757812
3282638549.804688
3282852172.851562
3283065795.898438
3283279418.945312
3283493041.992188
3283706665.039062
3283920288.085938
3284133911.132812
3284347534.179688
3284561157.226562
3284774780.273438
3284988403.320312
3285202026.367188
3285415649.414062
3285629272.460938
3285842895.507812
3286056518.554688
3286270141.601562
3286483764.648438
3286697387.695312
3286911010.742188
3287124633.789062
3287338256.835938
3287551879.882812
3287765502.929688
3287979125.976562
3288192749.023438
3288406372.070312
3288619995.117188
3288833618.164062
3289047241.210938
3289260864.257812
3289474487.304688
3289688110.351562
3289901733.398438
3290115356.445312
3290328979.492188
3290542602.539062
3290756225.585938
3290969848.632812
3291183471.679688
3291397094.726562
3291610717.773438
3291824340.820312
3292037963.867188
3292251586.914062
3292465209.960938
3292678833.007812
3292892456.054688
3293106079.101562
3293319702.148438
3293533325.195312
3293746948.242188
3293960571.289062
3294174194.335938
3294387817.382812
3294601440.429688
3294815063.476562
3295028686.523438
3295242309.570312
3295455932.617188
3295669555.664062
3295883178.710938
3296096801.757812
3296310424.804688
3296524047.851562
3296737670.898438
3296951293.945312
3297164916.992188
3297378540.039062
3297592163.085938
3297805786.132812
3298019409.179688
3298233032.226562
3298446655.273438
3298660278.320312
3298873901.367188
3299087524.414062
3299301147.460938
3299514770.507812
3299728393.554688
3299942016.601562
3300155639.648438
3300369262.695312
3300582885.742188
3300796508.789062
3301010131.835938
3301223754.882812
3301437377.929688
3301651000.976562
3301864624.023438
3302078247.070312
3302291870.117188
3302505493.164062
3302719116.210938
3302932739.257812
3303146362.304688
3303359985.351562
3303573608.398438
3303787231.445312
3304000854.492188
3304214477.539062
3304428100.585938
3304641723.632812
3304855346.679688
3305068969.726562
3305282592.773438
3305496215.820312
3305709838.867188
3305923461.914062
3306137084.960938
3306350708.007812
3306564331.054688
3306777954.101562
3306991577.148438
3307205200.195312
3307418823.242188
3307632446.289062
3307846069.335938
3308059692.382812
3308273315.429688
3308486938.476562
3308700561.523438
3308914184.570312
3309127807.617188
3309341430.664062
3309555053.710938
3309768676.757812
3309982299.804688
3310195922.851562
3310409545.898438
3310623168.945312
3310836791.992188
3311050415.039062
3311264038.085938
3311477661.132812
3311691284.179688
3311904907.226562
3312118530.273438
3312332153.320312
3312545776.367188
3312759399.414062
3312973022.460938
3313186645.507812
3313400268.554688
3313613891.601562
3313827514.648438
3314041137.695312
3314254760.742188
3314468383.789062
3314682006.835938
3314895629.882812
3315109252.929688
3315322875.976562
3315536499.023438
3315750122.070312
3315963745.117188
3316177368.164062
3316390991.210938
3316604614.257812
3316818237.304688
3317031860.351562
3317245483.398438
3317459106.445312
3317672729.492188
3317886352.539062
3318099975.585938
3318313598.632812
3318527221.679688
3318740844.726562
3318954467.773438
3319168090.820312
3319381713.867188
3319595336.914062
3319808959.960938
3320022583.007812
3320236206.054688
3320449829.101562
3320663452.148438
3320877075.195312
3321090698.242188
3321304321.289062
3321517944.335938
3321731567.382812
3321945190.429688
3322158813.476562
3322372436.523438
3322586059.570312
3322799682.617188
3323013305.664062
3323226928.710938
3323440551.757812
3323654174.804688
3323867797.851562
3324081420.898438
3324295043.945312
3324508666.992188
3324722290.039062
3324935913.085938
3325149536.132812
3325363159.179688
3325576782.226562
3325790405.273438
3326004028.320312
3326217651.367188
3326431274.414062
3326644897.460938
3326858520.507812
3327072143.554688
3327285766.601562
3327499389.648438
3327713012.695312
3327926635.742188
3328140258.789062
3328353881.835938
3328567504.882812
3328781127.929688
3328994750.976562
3329208374.023438
3329421997.070312
3329635620.117188
3329849243.164062
3330062866.210938
3330276489.257812
3330490112.304688
3330703735.351562
3330917358.398438
3331130981.445312
3331344604.492188
3331558227.539062
3331771850.585938
3331985473.632812
3332199096.679688
3332412719.726562
3332626342.773438
3332839965.820312
3333053588.867188
3333267211.914062
3333480834.960938
3333694458.007812
3333908081.054688
3334121704.101562
3334335327.148438
3334548950.195312
3334762573.242188
3334976196.289062
3335189819.335938
3335403442.382812
3335617065.429688
3335830688.476562
3336044311.523438
3336257934.570312
3336471557.617188
3336685180.664062
3336898803.710938
3337112426.757812
3337326049.804688
3337539672.851562
3337753295.898438
3337966918.945312
3338180541.992188
3338394165.039062
3338607788.085938
3338821411.132812
3339035034.179688
3339248657.226562
3339462280.273438
3339675903.320312
3339889526.367188
3340103149.414062
3340316772.460938
3340530395.507812
3340744018.554688
3340957641.601562
3341171264.648438
3341384887.695312
3341598510.742188
3341812133.789062
3342025756.835938
3342239379.882812
3342453002.929688
3342666625.976562
3342880249.023438
3343093872.070312
3343307495.117188
3343521118.164062
3343734741.210938
3343948364.257812
3344161987.304688
3344375610.351562
3344589233.398438
3344802856.445312
3345016479.492188
3345230102.539062
3345443725.585938
3345657348.632812
3345870971.679688
3346084594.726562
3346298217.773438
3346511840.820312
3346725463.867188
3346939086.914062
3347152709.960938
3347366333.007812
3347579956.054688
3347793579.101562
3348007202.148438
3348220825.195312
3348434448.242188
3348648071.289062
3348861694.335938
3349075317.382812
3349288940.429688
3349502563.476562
3349716186.523438
3349929809.570312
3350143432.617188
3350357055.664062
3350570678.710938
3350784301.757812
3350997924.804688
3351211547.851562
3351425170.898438
3351638793.945312
3351852416.992188
3352066040.039062
3352279663.085938
3352493286.132812
3352706909.179688
3352920532.226562
3353134155.273438
3353347778.320312
3353561401.367188
3353775024.414062
3353988647.460938
3354202270.507812
3354415893.554688
3354629516.601562
3354843139.648438
3355056762.695312
3355270385.742188
3355484008.789062
3355697631.835938
3355911254.882812
3356124877.929688
3356338500.976562
3356552124.023438
3356765747.070312
3356979370.117188
3357192993.164062
3357406616.210938
3357620239.257812
3357833862.304688
3358047485.351562
3358261108.398438
3358474731.445312
3358688354.492188
3358901977.539062
3359115600.585938
3359329223.632812
3359542846.679688
3359756469.726562
3359970092.773438
3360183715.820312
3360397338.867188
3360610961.914062
3360824584.960938
3361038208.007812
3361251831.054688
3361465454.101562
3361679077.148438
3361892700.195312
3362106323.242188
3362319946.289062
3362533569.335938
3362747192.382812
3362960815.429688
3363174438.476562
3363388061.523438
3363601684.570312
3363815307.617188
3364028930.664062
3364242553.710938
3364456176.757812
3364669799.804688
3364883422.851562
3365097045.898438
3365310668.945312
3365524291.992188
3365737915.039062
3365951538.085938
3366165161.132812
3366378784.179688
3366592407.226562
3366806030.273438
3367019653.320312
3367233276.367188
3367446899.414062
3367660522.460938
3367874145.507812
3368087768.554688
3368301391.601562
3368515014.648438
3368728637.695312
3368942260.742188
3369155883.789062
3369369506.835938
3369583129.882812
3369796752.929688
3370010375.976562
3370223999.023438
3370437622.070312
3370651245.117188
3370864868.164062
3371078491.210938
3371292114.257812
3371505737.304688
3371719360.351562
3371932983.398438
3372146606.445312
3372360229.492188
3372573852.539062
3372787475.585938
3373001098.632812
3373214721.679688
3373428344.726562
3373641967.773438
3373855590.820312
3374069213.867188
3374282836.914062
3374496459.960938
3374710083.007812
3374923706.054688
3375137329.101562
3375350952.148438
3375564575.195312
3375778198.242188
3375991821.289062
3376205444.335938
3376419067.382812
3376632690.429688
3376846313.476562
3377059936.523438
3377273559.570312
3377487182.617188
3377700805.664062
3377914428.710938
3378128051.757812
3378341674.804688
3378555297.851562
3378768920.898438
3378982543.945312
3379196166.992188
3379409790.039062
3379623413.085938
3379837036.132812
3380050659.179688
3380264282.226562
3380477905.273438
3380691528.320312
3380905151.367188
3381118774.414062
3381332397.460938
3381546020.507812
3381759643.554688
3381973266.601562
3382186889.648438
3382400512.695312
3382614135.742188
3382827758.789062
3383041381.835938
3383255004.882812
3383468627.929688
3383682250.976562
3383895874.023438
3384109497.070312
3384323120.117188
3384536743.164062
3384750366.210938
3384963989.257812
3385177612.304688
3385391235.351562
3385604858.398438
3385818481.445312
3386032104.492188
3386245727.539062
3386459350.585938
3386672973.632812
3386886596.679688
3387100219.726562
3387313842.773438
3387527465.820312
3387741088.867188
3387954711.914062
3388168334.960938
3388381958.007812
3388595581.054688
3388809204.101562
3389022827.148438
3389236450.195312
3389450073.242188
3389663696.289062
3389877319.335938
3390090942.382812
3390304565.429688
3390518188.476562
3390731811.523438
3390945434.570312
3391159057.617188
3391372680.664062
3391586303.710938
3391799926.757812
3392013549.804688
3392227172.851562
3392440795.898438
3392654418.945312
3392868041.992188
3393081665.039062
3393295288.085938
3393508911.132812
3393722534.179688
3393936157.226562
3394149780.273438
3394363403.320312
3394577026.367188
3394790649.414062
3395004272.460938
3395217895.507812
3395431518.554688
3395645141.601562
3395858764.648438
3396072387.695312
3396286010.742188
3396499633.789062
3396713256.835938
3396926879.882812
3397140502.929688
3397354125.976562
3397567749.023438
3397781372.070312
3397994995.117188
3398208618.164062
3398422241.210938
3398635864.257812
3398849487.304688
3399063110.351562
3399276733.398438
3399490356.445312
3399703979.492188
3399917602.539062
3400131225.585938
3400344848.632812
3400558471.679688
3400772094.726562
3400985717.773438
3401199340.820312
3401412963.867188
3401626586.914062
3401840209.960938
3402053833.007812
3402267456.054688
3402481079.101562
3402694702.148438
3402908325.195312
3403121948.242188
3403335571.289062
3403549194.335938
3403762817.382812
3403976440.429688
3404190063.476562
3404403686.523438
3404617309.570312
3404830932.617188
3405044555.664062
3405258178.710938
3405471801.757812
3405685424.804688
3405899047.851562
3406112670.898438
3406326293.945312
3406539916.992188
3406753540.039062
3406967163.085938
3407180786.132812
3407394409.179688
3407608032.226562
3407821655.273438
3408035278.320312
3408248901.367188
3408462524.414062
3408676147.460938
3408889770.507812
3409103393.554688
3409317016.601562
3409530639.648438
3409744262.695312
3409957885.742188
3410171508.789062
3410385131.835938
3410598754.882812
3410812377.929688
3411026000.976562
3411239624.023438
3411453247.070312
3411666870.117188
3411880493.164062
3412094116.210938
3412307739.257812
3412521362.304688
3412734985.351562
3412948608.398438
3413162231.445312
3413375854.492188
3413589477.539062
3413803100.585938
3414016723.632812
3414230346.679688
3414443969.726562
3414657592.773438
3414871215.820312
3415084838.867188
3415298461.914062
3415512084.960938
3415725708.007812
3415939331.054688
3416152954.101562
3416366577.148438
3416580200.195312
3416793823.242188
3417007446.289062
3417221069.335938
3417434692.382812
3417648315.429688
3417861938.476562
3418075561.523438
3418289184.570312
3418502807.617188
3418716430.664062
3418930053.710938
3419143676.757812
3419357299.804688
3419570922.851562
3419784545.898438
3419998168.945312
3420211791.992188
3420425415.039062
3420639038.085938
3420852661.132812
3421066284.179688
3421279907.226562
3421493530.273438
3421707153.320312
3421920776.367188
3422134399.414062
3422348022.460938
3422561645.507812
3422775268.554688
3422988891.601562
3423202514.648438
3423416137.695312
3423629760.742188
3423843383.789062
3424057006.835938
3424270629.882812
3424484252.929688
3424697875.976562
3424911499.023438
3425125122.070312
3425338745.117188
3425552368.164062
3425765991.210938
3425979614.257812
3426193237.304688
3426406860.351562
3426620483.398438
3426834106.445312
3427047729.492188
3427261352.539062
3427474975.585938
3427688598.632812
3427902221.679688
3428115844.726562
3428329467.773438
3428543090.820312
3428756713.867188
3428970336.914062
3429183959.960938
3429397583.007812
3429611206.054688
3429824829.101562
3430038452.148438
3430252075.195312
3430465698.242188
3430679321.289062
3430892944.335938
3431106567.382812
3431320190.429688
3431533813.476562
3431747436.523438
3431961059.570312
3432174682.617188
3432388305.664062
3432601928.710938
3432815551.757812
3433029174.804688
3433242797.851562
3433456420.898438
3433670043.945312
3433883666.992188
3434097290.039062
3434310913.085938
3434524536.132812
3434738159.179688
3434951782.226562
3435165405.273438
3435379028.320312
3435592651.367188
3435806274.414062
3436019897.460938
3436233520.507812
3436447143.554688
3436660766.601562
3436874389.648438
3437088012.695312
3437301635.742188
3437515258.789062
3437728881.835938
3437942504.882812
3438156127.929688
3438369750.976562
3438583374.023438
3438796997.070312
3439010620.117188
3439224243.164062
3439437866.210938
3439651489.257812
3439865112.304688
3440078735.351562
3440292358.398438
3440505981.445312
3440719604.492188
3440933227.539062
3441146850.585938
3441360473.632812
3441574096.679688
3441787719.726562
3442001342.773438
3442214965.820312
3442428588.867188
3442642211.914062
3442855834.960938
3443069458.007812
3443283081.054688
3443496704.101562
3443710327.148438
3443923950.195312
3444137573.242188
3444351196.289062
3444564819.335938
3444778442.382812
3444992065.429688
3445205688.476562
3445419311.523438
3445632934.570312
3445846557.617188
3446060180.664062
3446273803.710938
3446487426.757812
3446701049.804688
3446914672.851562
3447128295.898438
3447341918.945312
3447555541.992188
3447769165.039062
3447982788.085938
3448196411.132812
3448410034.179688
3448623657.226562
3448837280.273438
3449050903.320312
3449264526.367188
3449478149.414062
3449691772.460938
3449905395.507812
3450119018.554688
3450332641.601562
3450546264.648438
3450759887.695312
3450973510.742188
3451187133.789062
3451400756.835938
3451614379.882812
3451828002.929688
3452041625.976562
3452255249.023438
3452468872.070312
3452682495.117188
3452896118.164062
3453109741.210938
3453323364.257812
3453536987.304688
3453750610.351562
3453964233.398438
3454177856.445312
3454391479.492188
3454605102.539062
3454818725.585938
3455032348.632812
3455245971.679688
3455459594.726562
3455673217.773438
3455886840.820312
3456100463.867188
3456314086.914062
3456527709.960938
3456741333.007812
3456954956.054688
3457168579.101562
3457382202.148438
3457595825.195312
3457809448.242188
3458023071.289062
3458236694.335938
3458450317.382812
3458663940.429688
3458877563.476562
3459091186.523438
3459304809.570312
3459518432.617188
3459732055.664062
3459945678.710938
3460159301.757812
3460372924.804688
3460586547.851562
3460800170.898438
3461013793.945312
3461227416.992188
3461441040.039062
3461654663.085938
3461868286.132812
3462081909.179688
3462295532.226562
3462509155.273438
3462722778.320312
3462936401.367188
3463150024.414062
3463363647.460938
3463577270.507812
3463790893.554688
3464004516.601562
3464218139.648438
3464431762.695312
3464645385.742188
3464859008.789062
3465072631.835938
3465286254.882812
3465499877.929688
3465713500.976562
3465927124.023438
3466140747.070312
3466354370.117188
3466567993.164062
3466781616.210938
3466995239.257812
3467208862.304688
3467422485.351562
3467636108.398438
3467849731.445312
3468063354.492188
3468276977.539062
3468490600.585938
3468704223.632812
3468917846.679688
3469131469.726562
3469345092.773438
3469558715.820312
3469772338.867188
3469985961.914062
3470199584.960938
3470413208.007812
3470626831.054688
3470840454.101562
3471054077.148438
3471267700.195312
3471481323.242188
3471694946.289062
3471908569.335938
3472122192.382812
3472335815.429688
3472549438.476562
3472763061.523438
3472976684.570312
3473190307.617188
3473403930.664062
3473617553.710938
3473831176.757812
3474044799.804688
3474258422.851562
3474472045.898438
3474685668.945312
3474899291.992188
3475112915.039062
3475326538.085938
3475540161.132812
3475753784.179688
3475967407.226562
3476181030.273438
3476394653.320312
3476608276.367188
3476821899.414062
3477035522.460938
3477249145.507812
3477462768.554688
3477676391.601562
3477890014.648438
3478103637.695312
3478317260.742188
3478530883.789062
3478744506.835938
3478958129.882812
3479171752.929688
3479385375.976562
3479598999.023438
3479812622.070312
3480026245.117188
3480239868.164062
3480453491.210938
3480667114.257812
3480880737.304688
3481094360.351562
3481307983.398438
3481521606.445312
3481735229.492188
3481948852.539062
3482162475.585938
3482376098.632812
3482589721.679688
3482803344.726562
3483016967.773438
3483230590.820312
3483444213.867188
3483657836.914062
3483871459.960938
3484085083.007812
3484298706.054688
3484512329.101562
3484725952.148438
3484939575.195312
3485153198.242188
3485366821.289062
3485580444.335938
3485794067.382812
3486007690.429688
3486221313.476562
3486434936.523438
3486648559.570312
3486862182.617188
3487075805.664062
3487289428.710938
3487503051.757812
3487716674.804688
3487930297.851562
3488143920.898438
3488357543.945312
3488571166.992188
3488784790.039062
3488998413.085938
3489212036.132812
3489425659.179688
3489639282.226562
3489852905.273438
3490066528.320312
3490280151.367188
3490493774.414062
3490707397.460938
3490921020.507812
3491134643.554688
3491348266.601562
3491561889.648438
3491775512.695312
3491989135.742188
3492202758.789062
3492416381.835938
3492630004.882812
3492843627.929688
3493057250.976562
3493270874.023438
3493484497.070312
3493698120.117188
3493911743.164062
3494125366.210938
3494338989.257812
3494552612.304688
3494766235.351562
3494979858.398438
3495193481.445312
3495407104.492188
3495620727.539062
3495834350.585938
3496047973.632812
3496261596.679688
3496475219.726562
3496688842.773438
3496902465.820312
3497116088.867188
3497329711.914062
3497543334.960938
3497756958.007812
3497970581.054688
3498184204.101562
3498397827.148438
3498611450.195312
3498825073.242188
3499038696.289062
3499252319.335938
3499465942.382812
3499679565.429688
3499893188.476562
